timestamp,AAPL,MSFT,GOOG,META,NVDA
2026-04-01 08:00:00,58324.79347400002,195494.87496100002,130160.09670300002,84044.02592400002,1196745.993511
2026-04-01 08:15:00,5788.952249,17064.359267000003,14475.489133,23757.126409999997,252995.31365499998
2026-04-01 08:30:00,1598.0,11965.062984999999,7168.831852,11286.245825,75744.37741399999
2026-04-01 08:45:00,2639.265305,13161.989943,7587.775474,14979.747225,74561.019732
2026-04-01 09:00:00,3621.014624,23178.861231999996,4962.270033,3525.21751,59080.52414299999
2026-04-01 09:15:00,1732.224658,15741.347118,9869.463742,7601.032177,115858.252398
2026-04-01 09:30:00,754.0164199999999,9828.380739,3114.697733,1310.2176709999999,34948.482664999996
2026-04-01 09:45:00,2000.4655980000002,7443.617266999999,3540.3200749999996,3144.528359,53204.271585
2026-04-01 10:00:00,4022.4382779999996,4632.490023,3316.4896989999997,1665.137397,37097.674807999996
2026-04-01 10:15:00,4274.7212070000005,8878.609691,2185.035002,3740.892959,54758.952283
2026-04-01 10:30:00,512.2558710000001,7299.185572,2875.559103,1926.307502,41098.308512999996
2026-04-01 10:45:00,6304.608165,17833.43957,15681.023546,10904.502393,144397.46897400002
2026-04-01 11:00:00,68400.78984700001,29281.819297,24836.641374,38293.907947,520648.204148
2026-04-01 11:15:00,19675.212537,52979.663161000004,18834.463916,16066.880284,285695.12764400005
2026-04-01 11:30:00,26053.714283,37379.390077000004,21302.394435,67275.791904,380711.87456699996
2026-04-01 11:45:00,13658.982495999999,32234.964835,26671.286419,35798.314487999996,337433.91824800003
2026-04-01 12:00:00,16390.36136,58841.756352,33347.697193,32672.090237,458099.89686400007
2026-04-01 12:15:00,33065.817956000006,63608.06758000001,26366.503713,29353.049519000004,393032.48060899996
2026-04-01 12:30:00,40158.448759000006,74784.17439599999,35214.919042,44171.570674,453199.3909059999
2026-04-01 12:45:00,94345.60693099999,81324.642751,66510.813771,335203.932044,564011.9051649999
2026-04-01 13:00:00,38433.709962,39651.277887,35520.110507000005,34256.639317,509496.89237099997
2026-04-01 13:15:00,71427.11342,88135.752178,68162.559482,90685.39437999998,572605.3073809999
2026-04-01 13:30:00,2820561.4156529997,3301888.840991999,2927263.0151600004,2388748.0227679997,16515600.560414998
2026-04-01 13:45:00,1260067.402184,1666863.7409779998,1421152.6802880003,1241127.7865320002,9052481.474414
2026-04-01 14:00:00,1572932.27845,1169635.493911,1022440.6880440002,660336.4313269999,6991132.513169001
2026-04-01 14:15:00,1095391.2592979998,989456.722863,812755.336235,766279.308936,6866807.084942999
2026-04-01 14:30:00,1372497.0128,1037894.391211,717301.5893900001,583201.410601,6204465.279495
2026-04-01 14:45:00,885280.1065260002,788337.4722090001,629301.442066,616302.7062189999,6010070.488512
2026-04-01 15:00:00,789549.438544,878043.580356,881560.372226,541520.888507,6150465.881434
2026-04-01 15:15:00,918011.2529899998,716407.610171,584418.9455250001,600697.093704,4310091.820204
2026-04-01 15:30:00,660406.5101840001,615268.6157959999,627528.335402,471253.992037,3938644.6673190002
2026-04-01 15:45:00,694372.3597110001,557437.5284170001,549521.344415,460394.340993,3915326.08912
2026-04-01 16:00:00,692991.514472,559317.830582,490171.3094490001,962462.1838469999,3792758.160769
2026-04-01 16:15:00,524384.358053,469858.47028300003,457531.0821960001,752711.992247,3673179.95242
2026-04-01 16:30:00,451090.33252299996,464743.353178,580997.6338620001,611252.573653,3259372.477287
2026-04-01 16:45:00,586796.449381,530986.26557,731401.008152,605329.2376280001,2846033.167452
2026-04-01 17:00:00,2201276.3808180005,506093.595056,492609.42417700007,1059194.64079,3029600.837884
2026-04-01 17:15:00,1113711.8547160001,451660.08200100006,536143.0562649999,417765.94715300004,2047270.903847
2026-04-01 17:30:00,671710.9993589999,573650.6633909999,542801.359813,468906.51009700005,3004767.052155
2026-04-01 17:45:00,565606.9178320001,438581.1529609999,486652.795981,705137.1681720001,3512831.568946
2026-04-01 18:00:00,575872.307368,599241.706491,568518.4019579999,779343.3999559999,4190665.18822
2026-04-01 18:15:00,801552.82117,873471.932842,725852.579383,828185.0803700001,5502633.208816001
2026-04-01 18:30:00,803271.4548649999,631415.522065,570504.0881800001,766941.089932,4558552.410142001
2026-04-01 18:45:00,609290.5207829999,518341.27315,374438.67964499997,487266.5768400001,2867577.355959
2026-04-01 19:00:00,718515.702,580235.064097,406909.27477099997,493427.81805599993,3507924.923048
2026-04-01 19:15:00,1104403.806334,885620.829107,518752.149393,678446.9570730001,5559341.183351
2026-04-01 19:30:00,1271419.310624,858198.5015840002,483609.65122900007,590787.229815,4080583.410696
2026-04-01 19:45:00,3510358.182231,1935372.842973,1848796.065839,1621008.822919,7758582.977509
2026-04-01 20:00:00,391322.30929899996,263130.67623299995,472263.112021,123922.915371,3073560.0462109996
2026-04-01 20:15:00,16378.841053,7722.486158000001,3528.053641,10502.249025,84072.223732
2026-04-01 20:30:00,36665.62351,24173.547008999998,3373.016462,7348.918583999999,97824.55497000001
2026-04-01 20:45:00,118445.666436,23050.851121000003,3569.734578,12614.790718000002,53959.23245
2026-04-01 21:00:00,10654.201814,15568.969712999999,3250.010178,5475.609912,91707.600451
2026-04-01 21:15:00,2561.019416,11537.563060999999,934.0,4047.8753150000002,62399.30143599999
2026-04-01 21:30:00,1403.025011,5227.5231810000005,2813.487612,2896.7187360000003,41515.935335
2026-04-01 21:45:00,2373.031323,18886.197071,12447.482222999999,4057.304439,39289.48226599999
2026-04-01 22:00:00,6728.2378420000005,10286.710345,2653.3391,6610.340886,202937.46567
2026-04-01 22:15:00,9195.282193,8517.227492,2568.1459670000004,12179.417575,94396.42107
2026-04-01 22:30:00,17399.417599,7929.772311999999,3130.0,5344.9135320000005,36481.801116999995
2026-04-01 22:45:00,7101.78188,21929.454435,1681.4914509999999,4019.3239619999995,63444.77382100001
2026-04-01 23:00:00,2294.0654990000003,5159.11138,1692.009762,1796.3129419999998,48173.43348600001
2026-04-01 23:15:00,6900.066328,8756.938066,3740.013255,1352.008604,35176.127586
2026-04-01 23:30:00,3642.0568000000003,9705.982483,6684.757459,2958.789924,44477.608416
2026-04-01 23:45:00,8136.053561000001,19288.814544999997,4638.515195,7097.9544940000005,62547.635822000004
2026-04-02 08:00:00,59887.779245000005,107200.75853199998,120526.64724000002,73720.839349,979068.2497920002
2026-04-02 08:15:00,3196.5296860000003,7285.606156,8597.124284000001,3517.5503219999996,39433.059651999996
2026-04-02 08:30:00,4513.217404999999,5562.463921,4014.664517,3378.630469,68403.713345
2026-04-02 08:45:00,1594.10603,7148.008520000001,1250.0,1869.116129,55240.201945
2026-04-02 09:00:00,1302.068658,5129.167338,8491.608489,6179.507055,30880.366854000004
2026-04-02 09:15:00,3440.98459,7846.816081,3026.4021540000003,4336.64666,48516.695870999996
2026-04-02 09:30:00,545.04343,2889.917477,2935.7503509999997,5903.125427,36401.831423999996
2026-04-02 09:45:00,802.452349,3668.971486,4925.433574,7898.114998999999,46818.951724
2026-04-02 10:00:00,4475.212023,4017.6608409999994,5694.934744,19427.47122,108448.64375700001
2026-04-02 10:15:00,1543.099084,7850.632173999999,3034.594664,9489.42667,39648.65425299999
2026-04-02 10:30:00,9248.023449,9260.826383999998,2552.779638,9437.349594000001,103995.794112
2026-04-02 10:45:00,4574.104189,12158.062468,5530.533912,5475.746169999999,86784.12084300003
2026-04-02 11:00:00,20652.952677,28324.260517000002,23545.510496999996,28581.578744999995,361193.080868
2026-04-02 11:15:00,30603.445026,23676.744272,24077.626331,15269.036808,337730.361904
2026-04-02 11:30:00,18752.561714000003,33268.167311,31210.261391999997,18132.654313000003,279128.7064530001
2026-04-02 11:45:00,18979.726327999997,14463.507894000002,10791.293933,20299.086080000005,260331.519681
2026-04-02 12:00:00,25576.672021000002,35755.454668000006,35525.930471,59350.942084,373438.45255999995
2026-04-02 12:15:00,16616.847902,22208.082369,32430.751612000004,24774.959298999995,415315.067633
2026-04-02 12:30:00,22072.730937999997,19232.869340999998,19786.680775999997,29005.091289999997,193460.48984
2026-04-02 12:45:00,19671.253631,29848.805681,38294.576668,26161.707229000003,263804.966762
2026-04-02 13:00:00,31536.408966000003,34225.85209,42164.96389,60118.625763000004,726660.678854
2026-04-02 13:15:00,48582.55265,91133.50976800002,83289.396032,50477.206027,672077.36006
2026-04-02 13:30:00,2725332.3030010005,1854631.813827,1388650.7513630001,1314331.771521,15045929.276012
2026-04-02 13:45:00,1231327.2264959998,884264.070079,756802.4840200001,1116915.66923,9784780.394072
2026-04-02 14:00:00,1167660.4938560002,788619.441291,646486.9334519999,727331.9834999999,6753484.93798
2026-04-02 14:15:00,827838.0842539999,1099651.333445,421444.219541,527303.7939579999,8229384.827488
2026-04-02 14:30:00,1382773.918789,1262455.9230349998,885604.3155119999,1049093.4927899998,8399344.254059002
2026-04-02 14:45:00,863663.72155,662401.697008,371033.74210400006,604574.3055109999,6079296.188691
2026-04-02 15:00:00,758877.302408,521871.901643,330631.727848,446449.301043,5363283.097115
2026-04-02 15:15:00,628120.3043230001,574167.1299089999,382537.772395,342494.473981,4540324.241531
2026-04-02 15:30:00,385067.3530969999,703533.72269,323841.68032499996,359361.182042,4177191.4616139997
2026-04-02 15:45:00,322694.35945899994,415211.7986820001,286876.36743999994,323934.070185,3728905.186626
2026-04-02 16:00:00,410770.7613930001,296283.19986,223618.59715100002,334463.11955199996,3333929.8988269996
2026-04-02 16:15:00,464566.17714,362389.3843509999,270941.02155600005,216049.062157,2880264.1470649997
2026-04-02 16:30:00,436905.05126900005,383386.21895000007,297334.88997099997,206778.59400500002,3412963.0244149994
2026-04-02 16:45:00,300861.34924400004,382009.53175100003,910510.555809,210441.583794,1856351.275923
2026-04-02 17:00:00,317116.24252800003,649460.03317,203074.38689999998,220069.55496399998,2120669.4105100003
2026-04-02 17:15:00,366947.87648799986,389086.585429,202745.87535500003,272835.16739499994,1853324.6356459998
2026-04-02 17:30:00,371036.77903199993,373290.36706300004,121217.565705,173474.70015800002,1919066.7064289998
2026-04-02 17:45:00,452572.76541399996,406647.924411,196323.280108,328300.554024,2770452.400173
2026-04-02 18:00:00,494999.2785720001,373237.45945,167595.904834,185551.04269799998,2913350.166368
2026-04-02 18:15:00,440133.6056390001,324639.207602,157190.915117,301247.869547,2133532.751171
2026-04-02 18:30:00,1471597.7837810002,430934.537951,142722.086285,193142.61704599997,2556088.634411
2026-04-02 18:45:00,666063.0317280001,405434.08333,179105.53338399998,194291.853783,2379605.614846
2026-04-02 19:00:00,696359.3773139999,517841.609624,273262.304059,336335.369907,4303282.049188001
2026-04-02 19:15:00,475437.59512700007,1429418.401529,268264.95712300006,277986.45697400003,3234346.2626650003
2026-04-02 19:30:00,594174.4524159998,1187168.043241,249727.125293,276487.350169,3217490.3359910003
2026-04-02 19:45:00,2705514.483253,1701329.563027,940188.775779,800245.3572359999,7863969.744658
2026-04-02 20:00:00,1760470.619674,231526.37129799998,150040.982607,96224.15474000001,2742931.446180001
2026-04-02 20:15:00,684263.433807,42484.581953999994,3679.353888,16887.283301000003,112483.57079200001
2026-04-02 20:30:00,17753.360812,21515.825579,5821.516455,4475.48987,69851.76452299999
2026-04-02 20:45:00,7252.240014999999,18180.058143,3544.0799810000003,3948.8762400000005,73786.70168900001
2026-04-02 21:00:00,3233.044135,9128.948946999999,3199.10689,9271.608479999999,78605.741405
2026-04-02 21:15:00,1850.0212980000001,9297.827555,5232.016659,917.5906329999999,47302.44663800001
2026-04-02 21:30:00,2379.017576,4473.4567210000005,1464.124607,1756.2250920000001,96323.979808
2026-04-02 21:45:00,700.14449,10721.77093,1925.68266,1183.8833140000002,45667.21174800001
2026-04-02 22:00:00,5295.091251,7165.273179000001,1085.743267,1802.5902199999998,48583.26895600001
2026-04-02 22:15:00,2729.0,9403.380006000001,9345.0,2453.914201,83424.92902499999
2026-04-02 22:30:00,2176.241106,7922.705204,649.0,1786.467995,28665.859696
2026-04-02 22:45:00,747.578507,5314.475031,597.0,3319.193575,36234.20616
2026-04-02 23:00:00,7044.423406999999,3873.265451,,1017.2449700000001,23793.041688
2026-04-02 23:15:00,2289.075293,8374.351074999999,716.0149,1181.172665,42655.84340599999
2026-04-02 23:30:00,3428.684727,5962.9397850000005,631.0,2761.4522729999994,92838.08595300002
2026-04-02 23:45:00,2045.1100000000001,9160.184401999999,5846.346603,3985.954495,116076.349245
2026-04-06 08:00:00,22680.342660999995,59130.695735,28665.883867,16503.559622,419363.8657179999
2026-04-06 08:15:00,4018.280396,17569.739922,4115.604303,8596.916676,65947.004944
2026-04-06 08:30:00,8306.051352,11228.028294,11232.195523999999,6327.335732,135577.849525
2026-04-06 08:45:00,9578.545441000002,11081.025490000002,1943.168296,2309.66031,48337.714672
2026-04-06 09:00:00,1157.533946,8769.315222,3990.518063,1725.220505,39130.954505
2026-04-06 09:15:00,6831.055967,8451.146326999999,6297.0,2101.9673080000002,30223.502218
2026-04-06 09:30:00,537.0,6432.293026,2957.135496,763.2067360000001,25329.307163999998
2026-04-06 09:45:00,2293.578089,5887.419714,4187.703793,3800.9032899999993,49108.041161999994
2026-04-06 10:00:00,901.06755,6730.746465,1629.784684,3671.78679,71421.082137
2026-04-06 10:15:00,210.0,4553.509734,6460.61194,1505.5768440000002,42058.112968
2026-04-06 10:30:00,1260.6450559999998,3211.938672,1824.814809,1321.2343449999998,33631.024808999995
2026-04-06 10:45:00,13353.999194999999,7470.5903960000005,3435.9445910000004,11957.824133,77180.863415
2026-04-06 11:00:00,13719.542120000002,31655.341744999998,11292.245007,21464.164358,217030.620896
2026-04-06 11:15:00,9415.531292,11267.706282000001,3138.300581,4490.604056,100123.55445000001
2026-04-06 11:30:00,8564.285919000002,9771.709314,11062.249024,5427.181052,120018.17260500001
2026-04-06 11:45:00,12561.524696,12619.159076999998,9445.087583,5657.596872,71482.81302199999
2026-04-06 12:00:00,19235.78631,23815.415350999996,7811.78089,10889.478912999999,174811.192793
2026-04-06 12:15:00,14269.100938000001,9087.187205,5260.8700499999995,8730.265449,98388.74893099998
2026-04-06 12:30:00,13519.741274,9980.390986,6149.00269,5711.429797999999,88252.25648600001
2026-04-06 12:45:00,4938.774838000001,10478.531832,7117.485393,3877.002595,117616.02751199999
2026-04-06 13:00:00,24461.50284,18362.570769,6651.294726,8794.360571000001,140185.42583199998
2026-04-06 13:15:00,27592.391774000003,24855.406577,15352.347065999998,12284.852761,234536.82786599998
2026-04-06 13:30:00,1934614.2384839996,1606376.731458,858233.7523000002,614982.0398639999,10746225.379395
2026-04-06 13:45:00,1426369.860501,864026.8881910001,490228.141204,296510.5250710001,6868731.882219999
2026-04-06 14:00:00,1288419.543261,745728.431247,451889.333642,417622.4250690001,7187258.545496999
2026-04-06 14:15:00,1785892.4357959998,488049.85028500005,285445.21530100005,285798.744722,4677229.732195
2026-04-06 14:30:00,1516569.932627,504984.324378,415637.862168,347565.209411,4837941.478123
2026-04-06 14:45:00,850426.6830230001,446489.364554,238923.40033099998,297123.167214,4154848.0798319997
2026-04-06 15:00:00,725675.1359999999,558294.101418,300281.134823,359356.27844100003,2875092.0896750004
2026-04-06 15:15:00,859956.254634,389896.972284,304472.36387,240986.020256,2554912.2551949997
2026-04-06 15:30:00,687379.253794,372357.82708700007,238560.58768499995,197974.54872599998,2792673.359578
2026-04-06 15:45:00,466997.40372500004,326956.40680500004,189995.209084,139236.03425199998,3294209.941507
2026-04-06 16:00:00,425462.46739199996,538430.9078619999,144166.75383,180152.72901900002,2563318.108159
2026-04-06 16:15:00,443263.68698000006,410788.10531899997,176168.36767900002,158486.23730699997,2127178.102704
2026-04-06 16:30:00,559421.6023119998,401846.543179,188202.77930399997,226387.18656200002,2080453.4640359997
2026-04-06 16:45:00,431325.727709,405069.7453850001,289621.48037199996,234969.62266699996,2193093.57307
2026-04-06 17:00:00,578637.774626,467263.23560899997,239859.335871,239571.9592,3436014.543939
2026-04-06 17:15:00,436816.89083899994,341741.51312400005,194122.23993300003,134720.82744900003,2333946.3226879993
2026-04-06 17:30:00,471650.08957099996,397208.95017599995,180419.661763,161429.19456799998,3088529.3795530004
2026-04-06 17:45:00,547265.696623,273692.14483,100716.819392,118452.416487,1863593.0739479999
2026-04-06 18:00:00,564133.7864069999,499858.08838100004,215995.31264,175939.18911800004,2711369.267646
2026-04-06 18:15:00,488019.02990499994,417223.04328600003,305056.7466879999,183219.158624,2708805.242445
2026-04-06 18:30:00,401368.22827099997,252103.26257500006,166630.77958699997,145688.51128500002,1891562.804248
2026-04-06 18:45:00,353250.509791,300925.33149699995,142636.292105,103937.74427299999,1804184.1798059996
2026-04-06 19:00:00,721769.288856,355189.35274900007,248573.44695399998,127305.48034499999,2137800.2245020005
2026-04-06 19:15:00,744782.959775,327768.10130899993,213302.66260999997,160309.509609,2548910.9045979995
2026-04-06 19:30:00,762668.537191,396137.41192900005,259572.24259499996,441366.471528,2600775.3191679996
2026-04-06 19:45:00,1994907.0699820002,1055081.684041,704812.1584480001,1235980.8531449998,5732124.43241
2026-04-06 20:00:00,71727.646028,162114.66761100004,106771.01847299999,48558.685274,688476.1006110001
2026-04-06 20:15:00,23301.966931,10563.775065999998,2159.595238,12670.742777,66517.22188
2026-04-06 20:30:00,49248.320222999995,14585.696319999997,3134.041671,12550.440893,63161.484291999994
2026-04-06 20:45:00,4488.271027,4865.786981,2019.0,5263.498336000001,46665.621067000015
2026-04-06 21:00:00,1035.0668110000001,7525.486273,561.0,1344.394005,31953.180550000005
2026-04-06 21:15:00,3717.9742369999994,4631.184744,4375.561554,5306.104083999999,162399.03391
2026-04-06 21:30:00,1225.018378,4111.3519240000005,2537.1073389999997,745.7743009999999,45673.599134000004
2026-04-06 21:45:00,10918.656352,3398.816259,2081.018964,1100.5761590000002,26379.554834000006
2026-04-06 22:00:00,14568.194782999999,4175.6556,3477.0,4383.221917999999,38312.123038
2026-04-06 22:15:00,8875.122523999999,14183.606485999999,2541.0048859999997,13413.325089999997,81687.251841
2026-04-06 22:30:00,2941.118977,8649.890921,291.0,2438.721962,62115.464713999994
2026-04-06 22:45:00,3111.815049,8104.526183,407.002,1001.5522559999999,32093.084522
2026-04-06 23:00:00,4029.703347,6109.12237,2005.0,1472.556188,40820.352642
2026-04-06 23:15:00,1681.0750990000001,3698.201124,1632.07798,1261.839696,23645.645931
2026-04-06 23:30:00,1721.030122,2798.715995,441.0,1460.510992,34498.564402
2026-04-06 23:45:00,2978.349181,6362.425604,3252.191326,2819.373559,65016.63568800001
2026-04-07 08:00:00,60867.00829700001,45824.857178,33471.472977,15106.414437,253906.318504
2026-04-07 08:15:00,11982.059263,10556.671062999998,5846.128386,2358.09727,70188.211924
2026-04-07 08:30:00,7401.2641140000005,10244.679221999999,7095.1074690000005,3841.1351799999998,67628.751865
2026-04-07 08:45:00,6002.5021830000005,3971.3632299999995,3741.0992439999995,1447.777901,64001.594031
2026-04-07 09:00:00,5903.667488,5055.919889,11803.747747,615.003481,62370.570562
2026-04-07 09:15:00,9271.202774000001,27469.332053,2049.50223,12047.750544000002,44941.469112000006
2026-04-07 09:30:00,3271.6271079999997,26425.941588,2325.417011,12107.770854,43963.820908
2026-04-07 09:45:00,4272.877445,5665.498380999999,3835.3,4470.6442289999995,35111.298742
2026-04-07 10:00:00,14990.385816,10061.95866,10854.741343,4571.101932,100331.927009
2026-04-07 10:15:00,4163.359139,19529.193065,7794.050079,1103.411147,109719.79960099999
2026-04-07 10:30:00,5075.782847,7747.69954,10050.297492,4691.613813999999,166182.466168
2026-04-07 10:45:00,11231.321409,26275.540522999996,7338.588114,3518.5944280000003,135597.307173
2026-04-07 11:00:00,28915.995965000002,27806.197317,10749.045526,14870.865456000001,185056.87193899998
2026-04-07 11:15:00,19405.2958,13753.793724000001,38612.414868,4015.691914,122833.05589199999
2026-04-07 11:30:00,15505.724085,23990.412766,7684.973967,5527.987764,100680.06500600002
2026-04-07 11:45:00,10881.745065000001,9738.869621,6804.22844,5264.478902,58709.97941700001
2026-04-07 12:00:00,34507.344257,28912.879512999996,13386.467128,11976.769730000002,416096.77796499996
2026-04-07 12:15:00,24252.025350999997,28778.744935000002,8763.924550000002,18289.325019,283238.690883
2026-04-07 12:30:00,8287.716727,12072.409351,15672.30537,6747.85134,118808.81093600001
2026-04-07 12:45:00,23882.327769,14256.404777999998,15588.658780999998,6256.604364,184279.630136
2026-04-07 13:00:00,34380.54299000001,30504.953838999998,21444.595473,8610.454561999999,209339.20052600003
2026-04-07 13:15:00,56574.249026000005,22769.194996000002,43453.658396,23966.205745,295774.81665199995
2026-04-07 13:30:00,4120146.2542919996,1299189.8527650002,1359950.498013,656778.6521139999,8902609.050384998
2026-04-07 13:45:00,4021342.5656769997,687674.529048,609758.6346380002,441939.9789909999,6309009.599787
2026-04-07 14:00:00,2635065.018595,876026.415784,1363737.6706520002,600278.644205,7228745.672735999
2026-04-07 14:15:00,2654521.8640089994,600459.890195,830419.2459450001,253662.341143,5541612.619539001
2026-04-07 14:30:00,2266589.060936,414662.176966,499039.322212,192621.323084,5267973.723179
2026-04-07 14:45:00,2268338.353593,607232.62354,382124.82896500005,253116.26403799996,3927378.0099460008
2026-04-07 15:00:00,2113909.6686460003,624681.388339,615764.9996249999,370655.886495,5545258.894920999
2026-04-07 15:15:00,1877043.8891180004,580440.853028,484258.3226009999,211319.399787,3840903.0169409993
2026-04-07 15:30:00,1323078.2500349998,616332.055319,334092.25746199995,190795.12700499996,3212528.264658001
2026-04-07 15:45:00,1448250.9947339997,351266.61317400006,266671.766266,204846.49532599997,3159643.970849
2026-04-07 16:00:00,1821693.9206910003,592630.393038,448514.82134200004,205436.424623,4212628.878824
2026-04-07 16:15:00,2270232.518702,1631652.066294,500644.02708,206973.90010099998,3189720.9138940005
2026-04-07 16:30:00,1086067.817634,290270.98031600006,462421.993487,205972.06135099998,2319923.0006390004
2026-04-07 16:45:00,990964.732552,523454.95003999997,220578.27757399998,164751.06010799998,2548946.2615969996
2026-04-07 17:00:00,4704658.268728,322801.00018900004,199947.295669,136815.88040800003,2652230.69289
2026-04-07 17:15:00,1457760.0171949998,351086.66410500003,186506.92451100002,224005.214005,1961278.07253
2026-04-07 17:30:00,1314524.620878,335522.35430600005,382867.98802900006,294968.78912100004,2743063.878682999
2026-04-07 17:45:00,685429.10172,219851.769262,194745.608075,128691.111859,3273317.8137509995
2026-04-07 18:00:00,668560.8499889999,297305.002981,231542.18555599998,94540.318251,2119249.583172
2026-04-07 18:15:00,757408.5967939999,394463.047166,199505.143471,205017.880192,2246252.950279
2026-04-07 18:30:00,886637.2530359998,421880.84070100007,223448.056874,123171.519621,2201437.6448669997
2026-04-07 18:45:00,962805.940057,472925.9982619999,329450.4189969999,138474.852,3058563.3022720004
2026-04-07 19:00:00,974262.593298,492600.099894,387977.603284,304862.280883,2758098.5564519996
2026-04-07 19:15:00,1433165.2468120002,781036.0545450001,650626.921936,351398.4316459999,5801088.020633999
2026-04-07 19:30:00,1195157.334905,516679.19858400006,506897.74307,257780.27830399998,3537887.1024830006
2026-04-07 19:45:00,4703960.800514,1648971.367144,2014485.604985,1004235.9764850002,11702587.500822002
2026-04-07 20:00:00,342240.43349799997,115990.71514300001,77591.737376,124030.95103699999,1497462.2203629995
2026-04-07 20:15:00,170132.33919399997,38247.917845,20249.055218,15183.231026999998,206511.939514
2026-04-07 20:30:00,111931.11378,52690.024030999986,15088.144504,28893.724701,209937.76443399998
2026-04-07 20:45:00,31040.502939,14687.451318000001,8362.787289,5563.273346999999,193985.67498800004
2026-04-07 21:00:00,15388.384833,6305.7134750000005,4237.225322,4910.936609,134426.628211
2026-04-07 21:15:00,9421.650590000001,10170.622747999998,5240.159324,7050.543011,70720.30643499999
2026-04-07 21:30:00,21929.233935999997,18340.467612,19579.230559,19392.183212000004,113130.27701600001
2026-04-07 21:45:00,16590.203533,12534.073708999998,6785.775247,9952.970701,193797.486158
2026-04-07 22:00:00,106911.717892,58584.26590999999,36955.8925,44040.718651,585000.032158
2026-04-07 22:15:00,43323.945315,26278.645195999998,15508.580302,24921.078658,197635.24411700002
2026-04-07 22:30:00,166058.682988,131839.00081700002,80014.77519700001,99228.707343,1135594.136427
2026-04-07 22:45:00,132706.929197,124249.169748,61175.098247,80667.26349,941686.998737
2026-04-07 23:00:00,140259.08125500003,141601.139496,66905.178656,76286.851197,1009590.5772980001
2026-04-07 23:15:00,101977.85700000002,121342.246416,74669.73913500001,79519.85741600001,1119177.539514
2026-04-07 23:30:00,96136.27862899998,71309.532602,78879.735706,44950.07726399999,656250.6918520001
2026-04-07 23:45:00,89782.80302599998,63979.936759000004,54332.716157,53790.008970999996,560207.159367
2026-04-08 08:00:00,143281.989583,240848.67584999994,115798.48296800003,108369.61161999997,1165054.80347
2026-04-08 08:15:00,46574.207273,40093.719392,7128.711997,7010.801776,243840.40072200002
2026-04-08 08:30:00,16909.438822,24988.453543,18820.539456000002,13113.587066,181389.967675
2026-04-08 08:45:00,6617.837664,15036.833481,12750.33329,5865.701276000001,115498.538373
2026-04-08 09:00:00,15742.197149999998,21156.904228,13737.095043000001,8129.023976,155202.488159
2026-04-08 09:15:00,15130.417841999999,25063.323523,15723.630334000001,8320.200151000001,237539.78970300002
2026-04-08 09:30:00,15938.237339999996,19224.404123,12800.223603999999,5410.732079000001,96114.934164
2026-04-08 09:45:00,9808.120824,15854.631518999999,11315.967233,10920.933557999999,59698.956208999996
2026-04-08 10:00:00,9809.38599,19099.425232,10196.474943000001,4322.459759,83089.19820000001
2026-04-08 10:15:00,15696.786824,21278.822982,10531.320908,6949.586239,110345.42963
2026-04-08 10:30:00,11903.943041999999,15184.255131,10771.134537000002,9718.861730999999,134619.385306
2026-04-08 10:45:00,16322.209589,24205.682184999998,33508.347947999995,30062.387617,241811.09451800003
2026-04-08 11:00:00,71247.676033,110483.746893,55570.275604,61318.104255000006,861652.069342
2026-04-08 11:15:00,50842.303883,50537.17528200001,26441.844592,43704.535837,619079.673131
2026-04-08 11:30:00,27970.287002999998,46976.750049,26841.032316,26961.789469000003,277275.85313000006
2026-04-08 11:45:00,31893.480054,34396.715857,28797.032672,30366.485287999996,340938.71288300003
2026-04-08 12:00:00,59294.872558,58711.86044899999,37398.485502,27926.656340000005,402487.8616969999
2026-04-08 12:15:00,69858.766915,132834.231326,69703.464794,34935.621495,416440.32585699996
2026-04-08 12:30:00,33547.753171,53442.959751,53928.790073,47495.045315,325546.53706099995
2026-04-08 12:45:00,75546.31513,67776.51111400001,148417.04773500003,52609.297457,349339.01494500006
2026-04-08 13:00:00,120677.64497200001,54713.569878,61570.489158,43159.144928999995,537876.123965
2026-04-08 13:15:00,115697.805441,185635.72215,187347.43837400002,122718.720241,616950.3052139999
2026-04-08 13:30:00,3877878.479538,3583507.6450670008,2886583.5973170004,2337443.9669210003,19624578.129568003
2026-04-08 13:45:00,2108072.3285109997,1277243.2068179997,1666453.0426979999,1113785.365828,9689217.132996999
2026-04-08 14:00:00,1954086.6821899998,1056378.736772,809917.2764709999,698954.059387,9021986.126561
2026-04-08 14:15:00,1273314.5640719999,1031374.864202,547500.824299,540149.9185700001,5653184.757404
2026-04-08 14:30:00,1302838.52147,992309.058787,607331.894102,666698.0211940001,5848174.274419001
2026-04-08 14:45:00,962683.484414,1158468.8431580001,697893.8281420001,534866.8150960001,6171441.64896
2026-04-08 15:00:00,1240542.800838,654711.8636810002,534150.547678,408771.00200199994,4449712.082896999
2026-04-08 15:15:00,953967.5598889999,586165.000226,367562.492084,306401.98981199996,4443983.412904
2026-04-08 15:30:00,953860.9420570001,555525.106043,574817.7654459999,396754.48072500003,3278983.4381659995
2026-04-08 15:45:00,717638.8467370002,1148361.809292,345254.14761299995,562506.848724,3008673.7245440003
2026-04-08 16:00:00,604760.530896,716614.356743,390654.045404,2352605.87058,2439131.805658
2026-04-08 16:15:00,1175895.811399,522515.94813499996,359967.442958,3823167.1761359996,3166296.3811319997
2026-04-08 16:30:00,803921.6025449999,693868.180246,373325.982476,2178605.4988410003,2096871.4180420002
2026-04-08 16:45:00,572691.381012,496748.08653000003,405607.51407399995,2009985.651697,2463160.331282
2026-04-08 17:00:00,638525.239078,417712.28783499997,252762.2314780001,1606860.2566929997,2455042.089514999
2026-04-08 17:15:00,649635.648132,571223.520041,328769.2499580001,1073998.2833890002,2144909.146524
2026-04-08 17:30:00,808643.810021,861968.0683660001,378192.85393800004,964288.845555,2157002.9471469996
2026-04-08 17:45:00,515484.8022049999,631747.981849,261945.87061600006,801825.3611000002,2047053.1126529998
2026-04-08 18:00:00,817280.998659,615026.83004,304827.7537049999,528576.660274,2801265.8278089995
2026-04-08 18:15:00,798819.1709080001,925603.235999,409848.6556259999,645407.039315,3513307.9013559995
2026-04-08 18:30:00,494984.496475,688363.5022410001,420638.3119399999,577657.308379,2307518.315955
2026-04-08 18:45:00,655314.6614600001,912492.1744429999,300614.48352300003,702175.6212989999,2836883.6203590003
2026-04-08 19:00:00,946476.0640299999,942743.225261,340823.41047099995,597510.593034,3169178.4483809997
2026-04-08 19:15:00,991730.7534530001,1027518.06713,426946.953254,606968.714645,2835320.287305
2026-04-08 19:30:00,1042315.383309,1077581.3127059997,513559.638112,983536.5626969999,3257325.486206
2026-04-08 19:45:00,2851399.4953509998,2619913.724578,2160246.913673,1587480.061793,8050914.142347001
2026-04-08 20:00:00,810064.1954379999,349531.241835,117050.99776699998,134786.575601,1012254.4978200002
2026-04-08 20:15:00,23916.376903999997,15512.226552,3788.37075,26801.250358000005,76108.76071500001
2026-04-08 20:30:00,87009.471078,18022.355082,8117.034954000001,15121.596924,80726.42641
2026-04-08 20:45:00,13776.558824,11156.395011,8050.030056,18165.993154,53401.452768
2026-04-08 21:00:00,17887.106043,13736.281985,1258.0,2239.821359,67053.62416300001
2026-04-08 21:15:00,1163692.370809,9853.446731000002,3657.933661,9327.918726,44609.413825999996
2026-04-08 21:30:00,8568.049231,13386.182984000001,2640.03216,8288.408137999997,25137.880965999997
2026-04-08 21:45:00,3967.105606,7088.273172,1491.160824,17320.182391999995,34656.539551
2026-04-08 22:00:00,15072.791738,7070.332404000001,4399.077188,5543.968935,81757.232976
2026-04-08 22:15:00,1999.0580690000002,12555.164534,962.0,8502.155727,87120.50453199999
2026-04-08 22:30:00,4330.039301,12304.700702,5039.6764299999995,27370.979214,46744.279437
2026-04-08 22:45:00,1219.016322,4536.0786180000005,454.0,8432.793065999998,84939.68307199999
2026-04-08 23:00:00,4831.27391,8707.155501,2094.355248,6309.164925000001,34253.836936
2026-04-08 23:15:00,3570.6152709999997,4508.6809809999995,2527.0,4882.938797999999,45714.873115999995
2026-04-08 23:30:00,955.002842,4747.263185,8502.0,6225.245965000001,67870.394136
2026-04-08 23:45:00,2619.1886910000003,6995.711005,4605.05,19202.13944,70498.99926499999
2026-04-09 08:00:00,25136.752222000003,61106.17726,38318.512996000005,45698.674601,346962.6590989999
2026-04-09 08:15:00,3361.039674,3627.928454,5243.045761,3777.417382,23277.3991
2026-04-09 08:30:00,1417.031285,6028.064165000001,3340.0097189999997,9286.279212,28215.313020000005
2026-04-09 08:45:00,1250.2865149999998,5160.72839,1298.0,3173.92523,17684.561027999996
2026-04-09 09:00:00,2694.199191,2237.043715,818.0,2946.327423,15208.620335
2026-04-09 09:15:00,768.286817,3702.7299319999997,2200.582859,7133.773721,30456.466593000005
2026-04-09 09:30:00,405.0,3777.663947,590.0,13137.484148,24669.015429
2026-04-09 09:45:00,317.0,3655.429249,1421.103216,9106.064369,18580.755873000002
2026-04-09 10:00:00,4847.526268,3391.908857,7049.661979,7114.1110929999995,54808.614809
2026-04-09 10:15:00,7248.555271,1851.775371,2738.1297059999997,3239.4535280000005,32145.779819000003
2026-04-09 10:30:00,6600.453284,12769.436126,3692.873416,3792.770353,22539.037270000004
2026-04-09 10:45:00,5617.197742,7950.237080000001,7914.677589999999,12809.718755999998,43332.398116
2026-04-09 11:00:00,36317.265566999995,13571.634352999998,2046.0,20383.9779,168691.504515
2026-04-09 11:15:00,9266.107769,15637.789637999997,6294.108444,14110.384309000001,86496.742
2026-04-09 11:30:00,15903.442931,15853.212112000001,5289.7573919999995,71077.160894,155616.05147500001
2026-04-09 11:45:00,6155.512124,12771.036099,3619.0422740000004,76267.912288,77109.598394
2026-04-09 12:00:00,10761.254258,32015.117164000003,7419.285354,69376.873325,127452.76494000002
2026-04-09 12:15:00,7389.515367,15949.183059,19743.970414999996,47889.6145,172182.519157
2026-04-09 12:30:00,13210.309248,26462.114075999998,12951.007784000001,46256.03873000001,170374.57145000005
2026-04-09 12:45:00,4902.399584,403639.77231000003,4547.658556,23757.250837000003,81270.092393
2026-04-09 13:00:00,10992.745999,49861.64073900001,12787.648354999998,54056.524726,194376.94914300003
2026-04-09 13:15:00,71932.49493500001,50504.059826,19682.309173,138268.98494999998,617046.212102
2026-04-09 13:30:00,1754435.1661820002,2295709.098131,1321486.6921599999,2207764.1260510003,9621405.929428998
2026-04-09 13:45:00,1436122.391893,1605532.8966950001,852379.8436290001,1635669.4445439999,5334609.652774999
2026-04-09 14:00:00,1272406.0757979997,1418197.3487499997,521298.45105599996,906587.5660290001,5131632.920968
2026-04-09 14:15:00,1180431.086136,1262699.0795139999,561956.378353,678039.499129,4107076.085388
2026-04-09 14:30:00,725679.4823650001,842461.953319,539474.117086,517164.913863,3609325.8243110003
2026-04-09 14:45:00,604111.198279,957159.123705,382592.42099400004,927688.135065,5460038.326764
2026-04-09 15:00:00,520494.184727,949351.9293999999,802256.5119030001,694439.464204,4684505.539877
2026-04-09 15:15:00,629206.47913,929294.876001,358869.54746900004,510396.34326900006,4514635.59673
2026-04-09 15:30:00,698187.825108,845267.4235410001,434703.316171,539342.306332,3718657.8799610008
2026-04-09 15:45:00,741296.424959,815104.3064840001,454894.96109999996,716710.252328,3434941.7113179998
2026-04-09 16:00:00,756045.11648,822818.4888409999,536114.524364,691545.158596,3811211.0460210005
2026-04-09 16:15:00,419375.434055,534687.35703,396398.46950599994,445224.458121,2967456.781363
2026-04-09 16:30:00,376764.625024,592044.9983129998,358018.0063620001,401475.931899,2313645.93308
2026-04-09 16:45:00,619283.063999,671626.743944,307211.79763000004,474495.039339,2552832.2517490005
2026-04-09 17:00:00,656729.1466049999,734879.4481869999,264742.31059199997,333168.23694299994,2452543.6654540002
2026-04-09 17:15:00,639955.348471,682068.9329039999,362178.013207,352850.260526,2209730.93572
2026-04-09 17:30:00,523059.073774,810886.9186079999,333013.888919,337270.307415,2961780.278589
2026-04-09 17:45:00,367308.78996,556465.08618,229757.43597899997,256363.19228299998,1851310.479856
2026-04-09 18:00:00,572524.560681,894263.1744559999,317722.518213,413399.49051999993,2672449.7360730004
2026-04-09 18:15:00,389683.2523810001,925292.6027249999,313680.4387250001,274494.514177,2032492.885832
2026-04-09 18:30:00,427703.261083,532043.8538660001,230289.260124,242594.68363899994,2383480.060514
2026-04-09 18:45:00,349211.480168,481266.463061,204041.16701099998,450142.02876099997,1646973.4134170003
2026-04-09 19:00:00,704012.9909409999,609913.5736070002,364725.588402,239891.62126,2619261.880855
2026-04-09 19:15:00,606719.430129,831039.6168660001,272031.210132,313303.42186599993,2527289.184673
2026-04-09 19:30:00,796862.3458360002,912367.6179119999,342667.63498599996,566779.2450369999,2886245.94214
2026-04-09 19:45:00,2099204.456284,2007461.816329,888799.1055770002,1097732.6018690001,8078851.968997001
2026-04-09 20:00:00,623246.1977570001,354062.80913,120088.372539,721782.3503030002,3935054.6316179996
2026-04-09 20:15:00,55220.104079,12639.262327,1496.087561,4891.67351,69521.66660399998
2026-04-09 20:30:00,142381.506961,25289.505852,11167.572707,5502.016094,66138.57585699999
2026-04-09 20:45:00,4230.459675,16179.713125000002,1490.22534,4435.894265,47322.325357999995
2026-04-09 21:00:00,4927.353366,27825.937977999998,3089.260905,10601.102687999999,48053.912652
2026-04-09 21:15:00,791.0716950000001,10894.443500000001,541.0,4389.844827,40452.941733
2026-04-09 21:30:00,1017.0186610000001,5775.7223380000005,1743.0,1906.318522,34297.480679
2026-04-09 21:45:00,6189.503024000001,7641.059268,2126.331439,5434.8382839999995,34105.084723
2026-04-09 22:00:00,739.7744600000001,12240.837887000002,662.0,4088.073074,31823.237534000007
2026-04-09 22:15:00,2765.948148,17246.595321,1886.600451,6008.203075,55875.74095299999
2026-04-09 22:30:00,702.0,23409.791908000003,255.0,2494.792488,40584.16838499999
2026-04-09 22:45:00,3036.024981,10951.967763,3595.042572,4610.027057,33297.021409999994
2026-04-09 23:00:00,,3377.975629,988.0,2074.2912429999997,43463.251351000006
2026-04-09 23:15:00,1998.096264,10385.070993,1221.042709,2497.9675059999995,43204.568542
2026-04-09 23:30:00,4292.577148999999,7847.656229,14684.900978,953.674921,60732.937764999995
2026-04-09 23:45:00,19996.372411,9844.696130999999,1017.452076,5804.4924009999995,119301.270405
2026-04-10 08:00:00,23555.493860000002,70464.32326200002,17602.097539,23107.871421000003,364222.54746699997
2026-04-10 08:15:00,823.168682,6715.894263,364.0,902.114581,33406.191832000004
2026-04-10 08:30:00,2674.2847819999997,3210.915322,151.0,1347.0184450000002,40564.87807800001
2026-04-10 08:45:00,1098.141951,13389.290282999998,3303.128471,2571.1535519999998,41961.813588
2026-04-10 09:00:00,132.0,2636.530469,,1629.033713,53735.579438999994
2026-04-10 09:15:00,7495.605455,19911.829266999997,3304.5369339999997,8756.529942000001,53903.841929
2026-04-10 09:30:00,1069.256135,2905.56624,408.0,2088.004082,90338.96901
2026-04-10 09:45:00,9409.935019,6529.573635,2605.117476,1295.052242,35569.746180999995
2026-04-10 10:00:00,2581.0,8424.923079,789.551091,1378.600629,21050.983618
2026-04-10 10:15:00,1274.733795,3720.899277,1668.204696,1125.17446,29833.042976999997
2026-04-10 10:30:00,898.0,23997.854242,2203.85,2471.207396,26771.907399000003
2026-04-10 10:45:00,2444.939065,4607.59332,2734.043874,2232.087421,21756.046264
2026-04-10 11:00:00,7628.467011000001,24286.540866000003,8429.747691,18201.594006,137282.64904400002
2026-04-10 11:15:00,27702.504845999996,13719.144070000002,11335.264923,16734.667413,147100.627143
2026-04-10 11:30:00,24221.789077,36017.8895,6176.581978,9380.150617,164026.52689299997
2026-04-10 11:45:00,20088.637577,34974.646928,6387.983372000001,6370.393034000001,66551.17607300001
2026-04-10 12:00:00,29016.653225000002,15071.471683,4692.633235,6960.849249,103845.811119
2026-04-10 12:15:00,79065.74165,19391.190067,1657.024,10338.257022,236094.387
2026-04-10 12:30:00,34753.02141900001,29187.964025999998,9248.149236000001,40370.06097799999,328219.564426
2026-04-10 12:45:00,16713.704003000003,22549.361797999998,18835.295566,23239.685708999998,198662.99671799998
2026-04-10 13:00:00,23436.062494,21647.455995,14395.412076,21066.408349999998,198097.783856
2026-04-10 13:15:00,66649.65725,83367.16629400001,41277.648865,25805.445639000005,251788.52793899996
2026-04-10 13:30:00,1932481.613289,2259937.6130489996,869773.158924,1227671.383533,13363620.218702001
2026-04-10 13:45:00,1076173.569646,1853213.1886760003,448312.99673,809857.0539559999,12177930.324250001
2026-04-10 14:00:00,1172520.816987,1159257.911425,415715.539087,581330.744487,7312419.294497999
2026-04-10 14:15:00,893628.442914,893873.8554720001,421368.529328,661852.3388919999,6321281.452224
2026-04-10 14:30:00,975467.3059490001,764330.464646,436506.13621,437559.91651300003,10494959.124873
2026-04-10 14:45:00,663761.657715,949495.8508279999,341135.481022,379124.34367900004,6115830.658329001
2026-04-10 15:00:00,747843.0460230001,814946.5822670001,375285.678343,459636.42429199995,7261137.654518
2026-04-10 15:15:00,634818.6457179999,790963.3041439999,368710.764011,391042.40476099995,8448115.071082998
2026-04-10 15:30:00,540950.623006,1093564.61849,501567.471097,491534.61077499995,6183086.887042999
2026-04-10 15:45:00,716165.8789359999,831119.614366,367347.210459,373957.77076600003,4840064.086564999
2026-04-10 16:00:00,650610.167176,608479.546193,302082.4916559999,305577.25017699995,4183579.0259370003
2026-04-10 16:15:00,568570.934957,520287.493565,288979.4072479999,425576.721521,2646650.389991
2026-04-10 16:30:00,590686.13672,534648.070536,240606.588774,255568.71610000002,2858848.739128
2026-04-10 16:45:00,582946.1083200001,492919.055,258716.56293599997,277964.739225,3740705.980096
2026-04-10 17:00:00,571677.197502,367349.927146,367201.42037799995,279973.881124,2244618.9377389997
2026-04-10 17:15:00,503980.3566190001,491719.79768699995,129932.12190200001,192984.587683,3743747.19898
2026-04-10 17:30:00,531665.9465280001,1423323.376248,220596.3134,197674.07447599998,2404446.943765
2026-04-10 17:45:00,426482.172407,429714.61749200005,121749.497679,174939.19512299998,2120739.476186
2026-04-10 18:00:00,493452.91433099995,569835.801776,170206.116565,256432.383338,3132388.2517609997
2026-04-10 18:15:00,473699.399336,514196.025571,216542.22568700003,223931.586759,3039495.280168
2026-04-10 18:30:00,540343.070754,469795.84641600004,153876.613649,238254.7289,2353764.856583
2026-04-10 18:45:00,453522.377371,465009.23066800006,128416.429242,238419.316338,2336218.4058419997
2026-04-10 19:00:00,632125.782748,653529.276946,152600.72900899997,339530.641617,4766861.314336
2026-04-10 19:15:00,760237.664516,599575.37482,235906.06595199998,354494.324425,4244797.923091999
2026-04-10 19:30:00,1048711.743994,780518.5226789999,354901.2359089999,387076.9887729999,5110227.927528
2026-04-10 19:45:00,2606492.62283,1932276.3521299998,903807.542609,904412.112633,9050259.191326998
2026-04-10 20:00:00,265733.98366800003,249693.797407,111291.48088399999,265963.55504099996,683489.7859349999
2026-04-10 20:15:00,15147.921017,28519.392907,3038.1968340000003,16453.796518,127373.41314
2026-04-10 20:30:00,17126.264022,54365.96283099999,5493.0,7123.590177,75634.928976
2026-04-10 20:45:00,11838.715133,17741.512075,6197.107529000001,16488.091394,171398.89940599998
2026-04-10 21:00:00,7154.187746,8534.582844,499.063295,21544.662302000004,71371.27774500001
2026-04-10 21:15:00,6242.914175,8767.321128,1934.0,6510.265806,30771.613983000003
2026-04-10 21:30:00,4951.527212,7363.010075,1429.1814650000001,1802.880575,53209.256129999994
2026-04-10 21:45:00,2189.106387,6898.559917999999,1143.0,2877.879514,39000.923374000005
2026-04-10 22:00:00,11129.03431,9140.505451,1083.0,1489.52357,60959.500868
2026-04-10 22:15:00,1645.11002,9335.125563999998,223.0,2202.169154,40262.63245199999
2026-04-10 22:30:00,5430.774411,14378.616326999998,1888.0,2570.121261,37927.17643500001
2026-04-10 22:45:00,133.0,3822.061259,1119.5,3917.472655,27526.060971
2026-04-10 23:00:00,2824.903282,10919.250374000001,658.089815,1950.091588,32477.334902999995
2026-04-10 23:15:00,1289.777456,7908.161112,331.0,2303.74638,43562.552901999996
2026-04-10 23:30:00,5326.3978400000005,10154.775326,4251.131302,1707.91742,53422.826267
2026-04-10 23:45:00,11169.194453999999,14896.612001,6642.206316,2522.133177,123785.491302
2026-04-13 08:00:00,29136.979302999996,55616.82047199999,25496.708478,29083.381958,683811.2381270002
2026-04-13 08:15:00,3707.303143,2662.280626,1657.27437,7224.5884209999995,40661.917905
2026-04-13 08:30:00,5524.832944,9211.180443999998,3319.4562899999996,5601.59075,63282.807315
2026-04-13 08:45:00,2368.019282,6794.279157999999,2811.2799299999997,9605.329238999999,49590.840744999994
2026-04-13 09:00:00,3175.102563,9959.914003,1811.0,5668.084638,56647.244143
2026-04-13 09:15:00,975.050106,2996.710094,1415.0,5790.26339,40192.689873999996
2026-04-13 09:30:00,3212.0768549999993,20147.540748000003,3114.2024699999997,7401.249028,41247.24339899999
2026-04-13 09:45:00,,7775.962280999999,1395.01777,1134.5,21263.502446
2026-04-13 10:00:00,2112.41367,3921.538891,291.0,1351.0819569999999,36559.747271
2026-04-13 10:15:00,921.265485,6734.894389,992.0,1932.0312450000001,34713.427289
2026-04-13 10:30:00,1621.015705,3228.000435,2809.5842789999997,8992.733523,37384.52069
2026-04-13 10:45:00,10571.109339,14181.548114,8614.757306,3737.755667,101201.968408
2026-04-13 11:00:00,14463.629551999999,24278.922123999997,10382.205791,10352.639467,637030.1276089998
2026-04-13 11:15:00,5098.74768,17198.661920000002,10825.18015,8889.330557,121080.65399199998
2026-04-13 11:30:00,11651.439677,14879.333659999998,8331.783414,8288.079345999999,180299.93637799995
2026-04-13 11:45:00,7811.684773000001,11845.340435999999,12462.325015,14348.062374,166005.25883399998
2026-04-13 12:00:00,20165.351317,14586.426618000001,6698.882320000001,4261.530659,175934.90764900003
2026-04-13 12:15:00,9440.041592000001,10168.368535000001,16890.023097999998,8504.026935000002,116286.41736000002
2026-04-13 12:30:00,27753.004263000003,136114.190337,16690.940049999997,5564.05024,171587.054525
2026-04-13 12:45:00,10392.765655,48821.047249,15341.835970999999,14243.99622,239396.711235
2026-04-13 13:00:00,13018.370915000001,182079.86266199994,19657.054618,25716.243626000003,227711.31773
2026-04-13 13:15:00,19863.990446,167115.86762200002,25689.835605999997,29014.62764,315548.78341399995
2026-04-13 13:30:00,2365406.041536,2225268.053873,933659.825879,804713.0309270002,13049586.385605004
2026-04-13 13:45:00,1356776.0394960002,1404016.7881929995,359752.67537300003,541059.378442,7844794.633276001
2026-04-13 14:00:00,1630462.032893,2716314.4962649997,552184.031907,539467.061122,6528013.338798
2026-04-13 14:15:00,680508.1823069999,1265732.0987609997,307518.425287,415150.452214,4942829.035436999
2026-04-13 14:30:00,698416.690919,946564.7814109998,249948.120336,293750.65632999997,4373386.989794
2026-04-13 14:45:00,945187.258508,1321384.908822,242800.83852499997,297975.09709,5319337.280967999
2026-04-13 15:00:00,992311.467444,1025488.9872259999,263443.61692299997,299583.58619900007,5380003.768223
2026-04-13 15:15:00,861339.8270749999,1024239.087595,223566.85202400002,206422.22294,3849694.8423810005
2026-04-13 15:30:00,825548.9490529998,971614.1301380001,269072.832487,262863.23562600004,4101977.928742
2026-04-13 15:45:00,807304.550835,758959.071721,155759.222573,169712.350162,3475302.972378
2026-04-13 16:00:00,671384.7989030001,815426.3359409999,251428.77019299997,180686.71161199998,3413196.1517250002
2026-04-13 16:15:00,831726.2213439998,911193.566348,200846.79204200002,159517.78473199997,2949718.565835999
2026-04-13 16:30:00,833064.0896289999,788760.3142729998,241872.98992799994,224268.76496799994,3204687.4329709997
2026-04-13 16:45:00,705934.378798,674831.301548,259780.44194000002,145239.77370599998,3028104.3915580004
2026-04-13 17:00:00,403644.86036999995,630520.306918,151372.578839,169777.59917300002,2913074.8590740003
2026-04-13 17:15:00,417785.91385099996,585847.302763,161478.787607,150899.51399700003,2059553.387248
2026-04-13 17:30:00,539677.237603,591738.3806820001,144130.54978,165702.05083700002,2417336.949975
2026-04-13 17:45:00,503918.02377999993,710135.870736,119724.21984800001,165204.14176300002,2293843.434861
2026-04-13 18:00:00,463633.20801100007,750988.0146620001,157423.009611,304600.25588899996,2270452.653359
2026-04-13 18:15:00,606361.7993409999,649580.8051179999,173028.574172,201345.95096000002,2139395.528476
2026-04-13 18:30:00,695077.050612,645387.020449,176395.35134700002,201140.03154000003,2039003.8564930002
2026-04-13 18:45:00,543888.614775,668313.7844489999,219176.21517000004,255942.66707999998,3265637.526125
2026-04-13 19:00:00,597504.1385329999,1186067.548125,160760.663765,226603.86938100003,2549679.5129070003
2026-04-13 19:15:00,676262.796938,835513.6209219999,429199.435422,230664.39420799998,3120156.723849
2026-04-13 19:30:00,905596.6047339999,963110.135186,323272.826512,271446.866147,3605889.9124510004
2026-04-13 19:45:00,4117114.878703,2854706.413044,1328596.4612150001,755661.489271,8930643.385915
2026-04-13 20:00:00,270945.997191,390385.62466499995,460458.186672,52952.554098,1742200.2471819997
2026-04-13 20:15:00,21066.744966,27538.456255,2195.893587,14194.49496,109005.82489499998
2026-04-13 20:30:00,42844.68969200001,51257.620756,2546.612975,12046.662832999998,93723.16024
2026-04-13 20:45:00,15609.749432999999,29876.738528,11656.0,7818.042923,146692.891616
2026-04-13 21:00:00,15211.128936,36749.238357,1215.0,12483.805428999998,46601.358784
2026-04-13 21:15:00,1956.4397159999999,20840.401116,2592.10111,2972.689697,72851.99523900001
2026-04-13 21:30:00,3732.182734,10639.207146,602.0,5204.581496999999,42644.84660700001
2026-04-13 21:45:00,3530.882374,34407.107222,2078.896573,1401.195218,36144.65832
2026-04-13 22:00:00,6776.119097000001,30582.826752999998,8902.462038,3839.684763,42023.142605
2026-04-13 22:15:00,987558.461569,43434.627877,2798.0,14706.927379,49235.714103
2026-04-13 22:30:00,6140.254401,23427.622346000004,1867.031319,7037.542041000001,63252.14348899999
2026-04-13 22:45:00,2602.8654340000003,18775.761924,2826.04247,4307.721391,66861.558345
2026-04-13 23:00:00,6571.930986,23364.034455999998,1891.00953,4803.043375000001,72368.905823
2026-04-13 23:15:00,6665.718283,21413.482606999998,1662.0,3905.299473,32012.741534
2026-04-13 23:30:00,10030.497239,21600.820373,3642.182807,5421.547937,42989.518039999995
2026-04-13 23:45:00,15167.02031,28068.887999000002,8378.310334,7483.871932999999,75639.05713
2026-04-14 08:00:00,36923.701856,164920.56538,52260.16852200001,36110.238649,460254.15043999994
2026-04-14 08:15:00,6088.646934,19528.235239,3162.717964,3069.249068,30062.914238000005
2026-04-14 08:30:00,11218.220751,20052.019589,2311.406448,3038.5919270000004,34095.160102999995
2026-04-14 08:45:00,5242.513697,28216.158655000003,3711.075136,6151.640678000001,35377.931272999995
2026-04-14 09:00:00,14033.179683,20324.870608999998,4547.3371050000005,4527.1584729999995,37107.577827999994
2026-04-14 09:15:00,16250.653590999998,18313.071439,8654.387561,5135.152013,35731.06332
2026-04-14 09:30:00,6573.795482,20083.387513,3362.0186519999997,2151.081568,52506.326476999995
2026-04-14 09:45:00,8132.886375,14672.359455000002,3965.0270689999998,2185.219342,35407.073653
2026-04-14 10:00:00,11442.539877999998,13824.951378999998,7220.107503,2839.085425,51788.711079999994
2026-04-14 10:15:00,6813.876314,19151.340196999998,3439.64286,2190.365585,27234.164433999995
2026-04-14 10:30:00,2866.5441150000006,32107.700144999995,1770.0,6566.411613,30024.169894
2026-04-14 10:45:00,5124.369357,17711.18853,1175.0,3301.818591,30609.132341999997
2026-04-14 11:00:00,32250.117109,57888.09795699999,15603.065928,26731.273673,471345.51370999997
2026-04-14 11:15:00,19584.793207,54178.06557600001,11810.483962,17841.657711,209485.80859499998
2026-04-14 11:30:00,32073.719029000007,41424.673548,7330.489786,8620.624474,153244.121127
2026-04-14 11:45:00,13802.834922000002,63051.263826,10909.475329,13073.773912,167656.64609700002
2026-04-14 12:00:00,20891.034602,58387.730298,18333.136541,23583.476057,202130.61207500004
2026-04-14 12:15:00,67580.734572,57691.53977100001,15601.473799999998,9751.060019999997,240046.11259999996
2026-04-14 12:30:00,34465.26732,59850.137673,15139.430684,11490.113344,239136.643188
2026-04-14 12:45:00,35207.426531,99227.871366,13112.275511000002,9669.316420000001,279465.648367
2026-04-14 13:00:00,37931.289967,137600.38042,41732.403378999996,15880.041087999998,274321.195636
2026-04-14 13:15:00,68007.457498,221563.730873,108687.248679,23949.773652999997,719780.7932849999
2026-04-14 13:30:00,3317575.605486,4333973.780066,1662661.0009529998,1393670.0886740002,17997261.698241003
2026-04-14 13:45:00,1575836.214467,2034168.322571,766252.2068720001,1211766.020985,9855547.660378
2026-04-14 14:00:00,1540803.2668190005,1540117.625343,793730.986046,493895.9356089999,7003586.275232
2026-04-14 14:15:00,1171566.2527090001,1516099.5207560002,678771.8688639998,632484.282646,4809667.4002950005
2026-04-14 14:30:00,1195288.23744,1182551.886187,508817.17529099993,884009.5303719997,5916823.175856
2026-04-14 14:45:00,1605797.2450499998,976600.028483,449844.08078899997,685622.7454269999,3824308.074641
2026-04-14 15:00:00,1117213.0641390001,945346.4522340001,399036.532445,625499.356423,4773419.74102
2026-04-14 15:15:00,902486.2958879999,906402.690932,753395.1186240001,679293.370559,4793470.844447001
2026-04-14 15:30:00,1371585.90318,905382.018404,708939.437247,889671.4106979999,6191121.705547
2026-04-14 15:45:00,1060030.6408519999,917048.9565930002,605132.4925340001,582858.9766839999,4515588.239368999
2026-04-14 16:00:00,863403.1170079999,674146.3278419999,481019.8479139999,382056.8622,3889485.536134
2026-04-14 16:15:00,866307.3448419999,840240.2082,499355.045612,436482.74071000004,4016220.0267999996
2026-04-14 16:30:00,1148123.710136,706724.7753420001,324802.86106900004,313884.65473999997,3613207.7970700003
2026-04-14 16:45:00,1338664.304866,649790.203742,443827.54307000013,358348.221468,3483123.526341
2026-04-14 17:00:00,705827.130211,616324.9388129999,334712.5073809999,233027.60833299998,3085843.6932220003
2026-04-14 17:15:00,904637.918148,609291.329932,316691.02986499993,247833.277374,3808329.0050830008
2026-04-14 17:30:00,1027306.945081,576541.049756,338470.691449,293565.587438,2037531.421773
2026-04-14 17:45:00,522116.03378000006,697769.813485,286265.49523299997,452378.89897200017,2055397.176729
2026-04-14 18:00:00,584478.9190900001,1110171.1363829998,228398.686911,356463.68530499993,1957746.7934720002
2026-04-14 18:15:00,578231.996658,889647.3060140001,409735.410195,423056.4778680001,2761186.002154
2026-04-14 18:30:00,581260.920834,774843.038581,220283.13222600002,374374.94725800003,2620369.1517630005
2026-04-14 18:45:00,687255.166251,1072395.231447,174402.15577800004,198194.94766999997,2182805.076979
2026-04-14 19:00:00,999824.5009280001,732198.761701,297744.212435,272651.475358,9438656.239494
2026-04-14 19:15:00,806852.2513170001,686381.763004,256625.97757600003,313279.1702,4817322.116572999
2026-04-14 19:30:00,2407446.344788,1874708.965291,322880.378598,567170.217737,5205240.723823998
2026-04-14 19:45:00,2914817.091666,2502550.588152,1573106.8128550001,1095861.4136219998,11290033.647428999
2026-04-14 20:00:00,4332543.928409999,317022.31751499994,180426.50594,458162.82987300004,1741235.4049649998
2026-04-14 20:15:00,14094.481199,19897.989355,10705.165636000002,12881.922053,345839.557857
2026-04-14 20:30:00,19492.378341,16138.737877,2787.132937,3679.162849,238281.860442
2026-04-14 20:45:00,1020682.056365,27386.888791,3547.951846,315628.66728100006,168306.451028
2026-04-14 21:00:00,7691.192378,19198.964243,11046.095507999999,9527.517427,256910.68490599998
2026-04-14 21:15:00,22896.891408999996,8903.204090000001,3246.26322,3335.0250880000003,145985.14804800003
2026-04-14 21:30:00,16117.732410999999,13987.422632999998,2116.831454,6104.485755,68453.431073
2026-04-14 21:45:00,3565.0944090000003,9616.115909,1725.004343,4912.885677,75142.452172
2026-04-14 22:00:00,7181.823581999999,9115.393649,3244.454166,6954.131477,104832.888301
2026-04-14 22:15:00,10623.28505,17584.050916,985.0,21594.105852,73721.70272
2026-04-14 22:30:00,6367.485379999999,22094.3908,489.524697,31738.389176000004,42673.16695799999
2026-04-14 22:45:00,6333.333378,18660.092836,1253.028961,6196.794123,48346.004004999995
2026-04-14 23:00:00,6413.57595,10535.787472,1309.1933800000002,22093.704692,51528.500278
2026-04-14 23:15:00,11944.183506000001,10044.635219,4940.057148,4553.201498,67152.635713
2026-04-14 23:30:00,18092.280117000002,28793.419835999997,9138.484849,4819.477153,92815.03266299999
2026-04-14 23:45:00,28260.255868,17828.728908,21856.026246999998,9987.103820000002,99834.737681
2026-04-15 08:00:00,39589.90096400001,123059.13717999998,28227.739908000003,39097.829426000004,430341.07786400005
2026-04-15 08:15:00,2108.184475,15840.098955000001,466.0,2861.7203529999997,35869.874484
2026-04-15 08:30:00,8680.944245,27489.547057999996,1100.815703,1010.301435,67800.898086
2026-04-15 08:45:00,6390.499024999999,14718.979618999998,1400.1,1802.275537,31192.884182
2026-04-15 09:00:00,4850.311778,18602.874258000003,637.0,3138.130211,36166.605660999994
2026-04-15 09:15:00,10354.209905,15759.588280999998,3079.07642,3342.070088,41125.318757
2026-04-15 09:30:00,4329.268656,10113.668803000002,3501.0,4176.969805000001,90192.48512799999
2026-04-15 09:45:00,2969.2706479999997,14496.511987000002,777.0,1979.697705,68898.63949400002
2026-04-15 10:00:00,2195.973115,13026.849037,2140.3099899999997,3487.626257,56767.92893799999
2026-04-15 10:15:00,9679.391072999999,25162.669545999997,5970.126183,7708.704709000001,66544.307072
2026-04-15 10:30:00,6460.1246089999995,16506.77458,5690.613618,7532.867085000001,152803.359436
2026-04-15 10:45:00,1342.2185490000002,16772.036399999997,1476.264113,8412.220669,122354.76375500002
2026-04-15 11:00:00,27319.206779,40736.361131000005,14643.392702000001,18024.212467999998,352109.5983
2026-04-15 11:15:00,11102.943744,27113.239609999997,2358.0,10028.470942999998,215342.82364599998
2026-04-15 11:30:00,13828.979141,25118.254925,6683.423658,7828.042162999999,165920.16822
2026-04-15 11:45:00,33570.889995000005,52377.210824,8678.973723000001,11798.143961999998,177066.77112
2026-04-15 12:00:00,16487.768015,51204.163222,9535.474773,14761.987405000002,219287.22608899997
2026-04-15 12:15:00,10747.512651,29934.032668,5239.324384,17885.163756,120049.29458299998
2026-04-15 12:30:00,17758.929609000003,59291.39313,6812.710539,20013.611765,123902.97426599998
2026-04-15 12:45:00,20003.004327000002,51447.85158399999,7588.729389,6912.016926,178547.56535799996
2026-04-15 13:00:00,44444.028613999995,68529.55395799999,12333.023399,12959.097451,211695.90299300003
2026-04-15 13:15:00,76661.18382600001,193328.23442999998,20056.479980999997,34293.998223999995,646279.3689550001
2026-04-15 13:30:00,3262683.6872889996,4156784.637375,1194681.373252,1481232.948867,17216323.687175002
2026-04-15 13:45:00,1608691.474471,1873781.1883500002,609517.651237,726339.2173349999,9438371.172549
2026-04-15 14:00:00,1380179.658211,2322417.4433320006,505718.3167719999,817098.2821919998,8304599.230844
2026-04-15 14:15:00,1645958.114377,1906604.2329829999,589719.8148719999,706286.8452399999,8692671.41371
2026-04-15 14:30:00,1475439.6589419998,1365298.730995,390574.327861,603982.5185669998,7324132.723408001
2026-04-15 14:45:00,2336031.0746440003,1443754.690584,330617.89460700005,391387.14323099994,4716545.620838
2026-04-15 15:00:00,2423161.8609769996,1680844.0630869996,403621.793306,408764.709182,5598024.770563
2026-04-15 15:15:00,1213276.9986859998,1290590.0054350002,318691.99616400007,324759.957896,5449779.448426
2026-04-15 15:30:00,1205224.5966830002,993551.7587930002,275078.88152999996,330408.34772099997,4853896.369483
2026-04-15 15:45:00,1426029.4080249998,743825.1836910001,285432.480055,367769.50741400005,11077761.243906997
2026-04-15 16:00:00,1671864.531215,785248.7361539999,255278.68161400003,414844.04806,3432706.989640999
2026-04-15 16:15:00,1253267.493105,1015512.1156789998,307275.502585,492461.16117199993,3946850.7166770003
2026-04-15 16:30:00,1282662.183512,952715.601745,327369.08405099995,430447.60271,6193599.780049
2026-04-15 16:45:00,1345274.4549790001,948566.895717,268757.778885,363723.79766300006,8190309.115627999
2026-04-15 17:00:00,996487.342687,569591.722025,205643.74066299998,203912.37489099996,4873485.885977
2026-04-15 17:15:00,750413.9014750002,835408.467635,225379.370674,185656.21727000002,3342147.913278
2026-04-15 17:30:00,1027905.921078,1023777.0559190001,312949.642475,225166.441642,3566734.9356879992
2026-04-15 17:45:00,557148.9134339999,705529.97019,182359.95624399997,253257.726124,3565460.6519759996
2026-04-15 18:00:00,629365.019801,1039151.2919950001,294623.02346000005,210467.73266999997,6079149.315399
2026-04-15 18:15:00,536104.669847,1485315.6327089998,197955.796423,186021.86152099996,3204042.911087
2026-04-15 18:30:00,620784.070637,1821516.490826,576335.6816550001,201377.252749,3412920.9064479996
2026-04-15 18:45:00,630526.0863409999,1505583.124254,403839.21338800003,220372.219676,2791149.024482
2026-04-15 19:00:00,919008.323308,1373455.4049690003,326293.52599899995,257093.82119799996,3817126.9778490006
2026-04-15 19:15:00,800185.249174,1244422.433142,218805.00401199996,262779.070047,4090516.153317
2026-04-15 19:30:00,1331374.818389,1603527.026776,361853.27666000003,314939.36244100006,4899855.84119
2026-04-15 19:45:00,5166729.908121,2943142.350532,1608704.691706,1280799.142638,11615938.923768
2026-04-15 20:00:00,398201.17282800004,208070.79877499997,493853.508915,126759.37883599999,1202393.9420359998
2026-04-15 20:15:00,24631.643802,110935.29395500002,9051.686744,8287.335919,1484631.096977
2026-04-15 20:30:00,21436.747498999997,38068.511542,2638.0,8746.018307999999,197133.867685
2026-04-15 20:45:00,29021.768093000002,28002.608398,1362.0,7242.020297000001,172595.014043
2026-04-15 21:00:00,7215.117277,35013.93206,3837.0,10984.085669,51458.900236999994
2026-04-15 21:15:00,10836.841423,26035.116408,1510.670096,9691.367177999999,36404.2875
2026-04-15 21:30:00,6646.761474999999,31581.755978000005,1980.008,3519.1529750000004,30741.656596
2026-04-15 21:45:00,8839.144715,23912.196222,1609.9309309999999,2029.3603759999999,47559.780339000004
2026-04-15 22:00:00,11741.052174,17274.266337,1702.0,3943.3712219999993,38051.031826
2026-04-15 22:15:00,106572.44548800001,27780.910433999998,1077.203762,3681.016505,38517.29876
2026-04-15 22:30:00,5498.028605,34937.27065199999,1454.003946,5511.107093999999,81126.110177
2026-04-15 22:45:00,3773.20215,28784.484341,2214.269876,1680.501238,66700.276981
2026-04-15 23:00:00,8587.516574,24528.963120000004,9447.034,3470.444334,39667.684758
2026-04-15 23:15:00,6031.499774,16808.51006,3891.059792,3741.2215969999997,40640.363109
2026-04-15 23:30:00,4170.915537999999,66157.282503,899.014,1622.565141,40231.865659
2026-04-15 23:45:00,37571.510446,70376.545838,9513.646419,3186.1472839999997,93392.044483
2026-04-16 08:00:00,69676.789793,233084.761528,28167.133878999997,27248.546058999997,574959.491934
2026-04-16 08:15:00,7734.614631,46808.259900000005,1543.69771,3195.166344,86098.31171200001
2026-04-16 08:30:00,4645.244334999999,27765.496419,7134.414729,3126.808393,95670.093714
2026-04-16 08:45:00,8512.117784999999,17223.11726,3522.101773,500.060302,33902.826518
2026-04-16 09:00:00,11739.699234,35510.440503,1469.0,1807.952554,36540.491719000005
2026-04-16 09:15:00,2201.1919980000002,34061.118576,630.298544,5018.701408,42022.290976000004
2026-04-16 09:30:00,3033.5666979999996,27928.592815999997,2411.50364,2009.125566,28355.026120000002
2026-04-16 09:45:00,3615.0334310000003,27832.569955999996,409.61,804.8723329999999,39215.240254
2026-04-16 10:00:00,4283.86154,27981.703605,1907.048697,4696.580813,49604.140919
2026-04-16 10:15:00,8485.545189,34909.590137,1439.351529,5960.049714000001,91484.21842899999
2026-04-16 10:30:00,27347.918026,41932.83866100001,7921.75432,5351.102478,296444.98782400007
2026-04-16 10:45:00,60018.972453999995,91377.908497,36179.492636,4249.838635,411304.94487700006
2026-04-16 11:00:00,40770.41340399999,88841.536544,22067.945898,11866.558330999998,419225.49336499994
2026-04-16 11:15:00,29489.494040999998,80997.720208,11046.435908000001,10595.827032,170058.616731
2026-04-16 11:30:00,29206.673192,38691.115557,5577.280383,6567.9938170000005,201372.27094299998
2026-04-16 11:45:00,22170.734403,59984.63410699999,2837.16919,11142.551929,190333.68516100003
2026-04-16 12:00:00,30399.606538,91064.73335399998,13019.124381,15631.222481,227278.40127300002
2026-04-16 12:15:00,18500.355226000003,61497.722461,13637.408879,8570.507212,146459.00103100002
2026-04-16 12:30:00,17335.693325,58489.81235600001,15222.996412999999,7554.944030000001,171752.834381
2026-04-16 12:45:00,35059.741096000005,111643.394229,7350.20932,8099.887922999999,198305.313393
2026-04-16 13:00:00,19905.859409999997,74871.100919,65652.558243,20354.869537000002,173266.595913
2026-04-16 13:15:00,253979.90455900002,326610.165699,39335.41424,14221.849578,538532.765109
2026-04-16 13:30:00,5008682.382623,4854792.855987001,1045986.174355,763476.927489,12187764.743013
2026-04-16 13:45:00,2195988.2560139997,2490261.804592,709414.915651,577692.67897,7642707.269464999
2026-04-16 14:00:00,2287211.9715030002,1762914.9470560004,466234.74146899994,472796.4289209999,6566058.4925069995
2026-04-16 14:15:00,1320236.896585,1230282.3520160003,303626.05195700005,254872.92211,4237900.288013
2026-04-16 14:30:00,1033535.5212620001,1075891.966268,330911.859684,289651.028999,4288496.250594
2026-04-16 14:45:00,1368454.8150489999,948080.069863,349647.27640900004,242676.02766300002,4882731.0156930005
2026-04-16 15:00:00,1304295.8869789997,1079872.805645,334704.6480299999,347626.97480200004,6455740.101507999
2026-04-16 15:15:00,1092180.9520639998,1330145.940017,370324.23335500003,270613.11098000006,4067510.5397799993
2026-04-16 15:30:00,1046516.8967769999,1000066.3030070001,308438.76067299995,217733.375785,4343849.771249
2026-04-16 15:45:00,1145582.174356,1244122.06745,254824.794702,192769.876678,3707993.927888
2026-04-16 16:00:00,928453.38933,1415121.038521,844578.577124,207865.27399699998,3441766.746479
2026-04-16 16:15:00,1004959.3495430001,821370.0520560001,206499.038554,236693.90461099998,2689278.9640500005
2026-04-16 16:30:00,834508.6162670001,927699.369675,295837.89445900003,181971.804561,3586076.3911079997
2026-04-16 16:45:00,635331.8685279998,845928.933588,173619.36165799998,119240.972829,2086521.56289
2026-04-16 17:00:00,690790.990353,701855.0410790001,228706.235581,148480.55502399997,3286102.3088149996
2026-04-16 17:15:00,531070.996503,734203.252011,295873.568156,159414.107132,3145709.961573
2026-04-16 17:30:00,525597.470156,632324.551948,234525.24292300004,179659.379551,2152034.3812739993
2026-04-16 17:45:00,480793.01862700004,631145.2495210001,317772.54111399996,190621.94951800004,2729314.1711449996
2026-04-16 18:00:00,745127.827642,730632.3543959999,368011.31665100006,179026.54829099998,3396935.2356399996
2026-04-16 18:15:00,684794.8700970002,669200.581332,313934.454736,182272.439038,2944825.404293
2026-04-16 18:30:00,704986.674832,854749.6525670002,362729.25960700004,183105.58868200003,3112286.6356299995
2026-04-16 18:45:00,599997.107994,631271.9693719998,474874.956934,151233.810909,2591461.6933589997
2026-04-16 19:00:00,829983.783918,832099.381911,243087.654373,153215.086977,3835957.1078990013
2026-04-16 19:15:00,1124484.8225320003,965870.831547,328859.73795200005,215269.35331600002,3954634.441773
2026-04-16 19:30:00,963381.388087,1107610.308032,355895.753344,291857.754504,3380420.215116
2026-04-16 19:45:00,2704317.0874719997,3165107.2709720004,1461440.3884740002,1038395.9976150001,7797187.645311
2026-04-16 20:00:00,611666.9783649999,423849.46377499995,306589.9247649999,75097.959423,652150.941004
2026-04-16 20:15:00,23251.885078,26223.077255,7334.669662,9827.61126,92301.576228
2026-04-16 20:30:00,50622.81978800001,16793.486037,6803.018218,2419.336293,63484.906182000006
2026-04-16 20:45:00,9203.020161,12166.135408,4668.800862,4259.313982,75370.73669
2026-04-16 21:00:00,12710.714758,19330.975122999997,10326.798235,7091.616497,45338.30890900001
2026-04-16 21:15:00,5138.013193,10506.329260999999,3527.260563,4384.158281,19724.175345
2026-04-16 21:30:00,12458.349127999998,10484.483402999998,2154.981738,2894.1640890000003,26026.966801
2026-04-16 21:45:00,2525.888992,8584.519739,6210.994841,2762.814107,35906.385299
2026-04-16 22:00:00,18315.889052,12752.227967,4715.062993,5796.1170219999985,68480.27511300001
2026-04-16 22:15:00,11439.853235999999,13496.293221999998,1194.0055889999999,4123.306772,24658.165551000002
2026-04-16 22:30:00,13638.086233,14541.717691999998,3825.210345,2957.8952059999997,32723.152772000005
2026-04-16 22:45:00,3199.07568,17383.791654,3702.0,1153.253834,22182.085192000002
2026-04-16 23:00:00,10057.306624,21946.129571,643.0,1925.351106,38477.01387
2026-04-16 23:15:00,6387.057342,11152.393563,2633.702147,1696.6359000000002,29676.704002
2026-04-16 23:30:00,5072.05371,18930.484004,541.0,2031.7462639999999,14965.980464
2026-04-16 23:45:00,3705.255312,15614.503506,5177.028036,1395.7673889999999,45447.943343
2026-04-17 08:00:00,41964.156001999996,156797.524126,19516.923282000003,15788.935309999999,244736.753278
2026-04-17 08:15:00,8309.103873,30935.331337,1263.67233,1772.319133,39015.739233
2026-04-17 08:30:00,4693.358344999999,39078.012308000005,2427.239479,5395.836096,21230.133066
2026-04-17 08:45:00,10704.274547,35628.08875,672.0,2794.9799669999998,34820.611988
2026-04-17 09:00:00,9964.541490000001,31056.159716,6077.491997,1758.293907,28520.592677
2026-04-17 09:15:00,8981.355996999999,26428.016630000002,3541.5370000000003,3709.532697,21189.398291
2026-04-17 09:30:00,5158.653138,10102.169066,1645.0,775.4965550000001,17607.280546
2026-04-17 09:45:00,24261.011579,19506.558295000003,3206.706506,1650.1027219999999,29855.168313999995
2026-04-17 10:00:00,3618.8532950000003,24730.977761999995,1394.0,6921.218301,32944.425710999996
2026-04-17 10:15:00,14640.342331,24743.641089,1077.0,1364.0,24574.073988
2026-04-17 10:30:00,43952.835023,19412.190001,1358.3914300000001,796.0590440000001,28230.565152999996
2026-04-17 10:45:00,4710.726647,20703.544544999997,538.0203300000001,1819.6051,32542.485628
2026-04-17 11:00:00,26351.848835999997,63366.974687999995,12981.58496,10222.980958000002,160769.352875
2026-04-17 11:15:00,54944.050223,75817.416282,12437.038078,7843.141213999999,69652.11378500001
2026-04-17 11:30:00,128379.262465,44052.120423,7386.056606,8190.271522000001,99879.02429700001
2026-04-17 11:45:00,81736.93641499999,89093.54578999999,14329.145305,9070.896836,88935.489536
2026-04-17 12:00:00,90100.67692399998,122497.34589499998,21838.761864,10796.079637999997,129145.35688200001
2026-04-17 12:15:00,76887.865687,113514.15207099999,14576.629739,13656.275092,255239.41117700003
2026-04-17 12:30:00,46424.609488,63906.41146299999,26239.189046,14294.191204,221891.55885599996
2026-04-17 12:45:00,129729.30237599998,144734.220315,45333.993907,58887.67556299999,1084716.037153
2026-04-17 13:00:00,121136.745152,190753.713209,61520.968108,73011.17549200001,1424211.9173040001
2026-04-17 13:15:00,269566.540653,261654.197999,90073.89657200001,71978.201785,1660350.7484239999
2026-04-17 13:30:00,8475688.099667,5318632.189828001,2390899.9495759998,1733578.5515249996,22540089.885547005
2026-04-17 13:45:00,2172219.8361379993,1977672.248148,629135.18215,908936.2993709999,10256093.913505
2026-04-17 14:00:00,3171027.8771050004,1656059.1568190001,669801.0634100001,484038.305103,8598141.930643
2026-04-17 14:15:00,1168449.192989,1873416.9649960003,681731.819534,433908.98322000005,7815660.809334001
2026-04-17 14:30:00,1583377.853551,1971207.516819,407680.19207999995,482603.988969,5733709.057723001
2026-04-17 14:45:00,2028188.3960250001,1745255.347584,364693.022172,499059.64832499996,4331382.179309
2026-04-17 15:00:00,2165536.3428680003,2139249.4531489997,455731.7444190001,682196.218128,4222506.652917999
2026-04-17 15:15:00,1704320.970781,1527600.282748,453744.575735,331737.875401,3053530.0332929995
2026-04-17 15:30:00,1429488.9639489998,1791416.9275299998,433143.15589200007,284185.92747900006,4256067.107535999
2026-04-17 15:45:00,1004016.174386,1475689.7885299998,357981.515687,277385.42514400004,3805394.6365559995
2026-04-17 16:00:00,838217.693498,767661.307371,323559.2652329999,734358.5294349997,4663004.211695999
2026-04-17 16:15:00,762938.558127,952215.8065030002,343890.648784,194254.64045200002,5820738.656603001
2026-04-17 16:30:00,1297775.1836640001,725062.8163640001,483330.878137,264114.776041,2944524.3897500006
2026-04-17 16:45:00,2328147.691461,836571.135486,331434.74787,217275.28707100003,2480136.170823
2026-04-17 17:00:00,1293649.8492589998,1171146.8330110002,405729.933959,172999.421455,3826137.034114
2026-04-17 17:15:00,957575.1942680002,1353140.9077160002,470383.6940460001,264127.54695199995,3770289.1669649994
2026-04-17 17:30:00,907570.809174,983678.6939889998,340753.9757560001,170409.48396200003,2510803.947692
2026-04-17 17:45:00,746824.9060460001,827824.4500559999,348482.85575799993,324705.267102,2848349.256261
2026-04-17 18:00:00,770751.6793089999,895461.047388,688895.4154050001,263382.13016199996,2473463.775338
2026-04-17 18:15:00,749391.977391,1613191.0370550002,596885.8980660001,218374.081901,3092622.884496
2026-04-17 18:30:00,1488797.316963,1229045.905986,525290.579352,199228.043621,2143082.716537
2026-04-17 18:45:00,831804.1668659999,669467.00806,339911.80756100005,263897.59329,2968373.4499260006
2026-04-17 19:00:00,831663.0314939999,794845.641546,298323.63480899995,190789.33769200003,2355108.062441
2026-04-17 19:15:00,933187.7810769998,1218239.827109,359337.3640170001,250414.16346999997,4474349.227878
2026-04-17 19:30:00,1161958.3016869999,935291.936821,645208.066586,1100859.501963,3598442.290686
2026-04-17 19:45:00,3620469.2610900006,2592651.261434,1516262.26338,1373094.112636,8373438.732211001
2026-04-17 20:00:00,799114.5989259998,540363.2777130001,122499.596735,502056.78994999995,825380.5279569998
2026-04-17 20:15:00,22916.409057,24810.456234999998,7131.128201,22879.247410000004,101424.67961600001
2026-04-17 20:30:00,99906.790724,30941.557279,4721.0851999999995,12141.823668999998,76470.653415
2026-04-17 20:45:00,69681.349216,25210.496048999998,9935.985372000001,18208.834952999998,152310.008339
2026-04-17 21:00:00,10436.318185,19764.489005000003,3919.029667,11578.66433,68444.66917699999
2026-04-17 21:15:00,32607.071668,8777.197546000001,194.007,10571.663105000001,61422.95748
2026-04-17 21:30:00,19253.731707,7674.556357,489.0,1982.896023,31147.241663999997
2026-04-17 21:45:00,3444.4686739999997,13688.168662999999,1099.0,3812.0097949999995,25132.711405
2026-04-17 22:00:00,23159.256216,7889.393241999999,650.8290039999999,2751.548028,45050.37761100001
2026-04-17 22:15:00,1486.748306,8611.202989999998,527.0,1030.749005,30985.481751000003
2026-04-17 22:30:00,6197.544978,13906.927414,1784.008439,6092.811585,43782.41981900001
2026-04-17 22:45:00,1298.143244,6739.649756999999,352.0,2570.204357,63798.638118
2026-04-17 23:00:00,3256.51556,15260.029847000003,1527.7968340000002,3020.436063,37562.945958000004
2026-04-17 23:15:00,3034.989495,7373.235251,782.0,1420.9931159999999,33685.765654
2026-04-17 23:30:00,8780.950674000002,15128.151859000001,999.0,1303.138742,52934.50421000001
2026-04-17 23:45:00,10155.620332,22795.941663,5617.32642,3720.2379590000005,67511.723931
2026-04-20 08:00:00,80114.667782,182317.305363,81481.035573,50090.862212,689135.698596
2026-04-20 08:15:00,11251.348205000002,19867.823618000002,2754.070621,8284.814085000002,81534.326101
2026-04-20 08:30:00,11837.233574,14504.453512999999,6503.454661,2249.5859570000002,63588.94107800001
2026-04-20 08:45:00,5045.456014,17979.059507,1366.8087050000001,1817.061262,43671.696943
2026-04-20 09:00:00,10028.202535999999,11921.692701000002,2758.102933,2156.262061,69433.39506200001
2026-04-20 09:15:00,5699.313535,9879.389992,1462.192708,580.0,35584.08074
2026-04-20 09:30:00,2714.4471970000004,10002.435617,109.0,784.01464,34980.830869
2026-04-20 09:45:00,9098.577424000001,7442.316712,820.333078,2958.621075,39750.644007
2026-04-20 10:00:00,14801.353672999998,10375.433607,3887.376491,4163.523443,56496.406596
2026-04-20 10:15:00,8420.285522999999,5404.113918000001,2199.090056,1048.0502299999998,45516.13460700001
2026-04-20 10:30:00,3802.642311,6634.451257,2244.321941,2316.072597,42217.316027999994
2026-04-20 10:45:00,10275.077457,8570.945251000001,2528.843299,2481.946086,64490.948099
2026-04-20 11:00:00,40754.03081799999,42970.285536,13606.417875,14206.841569000002,241334.108854
2026-04-20 11:15:00,32020.070720999996,18950.136349,2574.210917,7283.052395,101721.129776
2026-04-20 11:30:00,14328.938361999999,80443.30924400002,38268.736009,13978.218699999998,152361.256628
2026-04-20 11:45:00,7265.487599,18978.334192,680038.131686,4604.896180999998,90324.27912600001
2026-04-20 12:00:00,18892.467331,39350.331713,5435.6743400000005,8695.808454,182243.92873900002
2026-04-20 12:15:00,10697.148482999999,25080.877927000005,5869.035227,9364.978619,90167.47679100001
2026-04-20 12:30:00,31904.996220999994,27379.472328,32982.798329,16831.436577,111039.656824
2026-04-20 12:45:00,14982.208407999999,47079.359306,12164.918889,11636.444601,363276.4451419999
2026-04-20 13:00:00,19648.349006,34750.722322,47042.730651,32637.581343,259633.974205
2026-04-20 13:15:00,57381.424831000004,47001.630333,30084.660999,45860.445768000005,312464.754999
2026-04-20 13:30:00,3860175.096194,2487402.019684001,1140150.710046,1290749.432576,12625780.891049998
2026-04-20 13:45:00,2409160.296585,1116803.5705670002,516673.585238,888525.09869,5878694.506731999
2026-04-20 14:00:00,1730835.9536790003,1323736.9662060002,373315.4160659999,441779.1017490001,4980917.969465999
2026-04-20 14:15:00,1347378.305891,1073534.7218050002,391436.360096,455411.562325,5181150.810834002
2026-04-20 14:30:00,1061821.0712320001,706445.4861399999,374121.035785,474925.598403,4029744.101141
2026-04-20 14:45:00,1095648.077378,948787.9522589999,463361.060604,750691.0072250001,4761021.490897
2026-04-20 15:00:00,890201.3199520002,1171296.212388,517256.9699080001,526506.652984,5321903.038321001
2026-04-20 15:15:00,1105937.817619,717999.1501409999,343936.8136350001,408902.174832,4547196.251492
2026-04-20 15:30:00,794455.4809419999,772991.7927170001,195117.54036299995,800608.8666439999,4104347.4627199993
2026-04-20 15:45:00,583435.912078,781856.750431,200997.477872,278100.95931899996,2924189.598774
2026-04-20 16:00:00,641848.772959,517580.30072,226173.985228,166553.586342,3391778.7216089997
2026-04-20 16:15:00,480513.72797600005,660824.9081600001,155378.59583500001,155534.333825,2460005.943717
2026-04-20 16:30:00,723083.880474,464707.61071200005,546163.29935,140482.507467,1830676.0745940001
2026-04-20 16:45:00,461601.742786,379201.10893900006,450627.938791,186040.416151,1490237.5603140001
2026-04-20 17:00:00,674480.579745,463190.9644,145710.38637400002,169180.72905499997,1956897.129081
2026-04-20 17:15:00,543053.6642710001,911448.566802,142161.922111,164969.69592099998,1719381.90419
2026-04-20 17:30:00,608006.0344190001,531366.112822,160233.285828,161959.351467,3486320.224973
2026-04-20 17:45:00,559526.970349,346092.534941,120177.93704099998,171299.16534100004,3469029.777718
2026-04-20 18:00:00,842547.0750090001,512101.64491400006,205228.96342400005,233384.39816699998,3419674.1539670005
2026-04-20 18:15:00,702431.2304490001,546993.01144,157719.69602799998,199413.57984099994,2982699.0744009996
2026-04-20 18:30:00,561870.5181350001,676475.8792669998,184670.72656300003,186357.11453800002,3116971.6095910002
2026-04-20 18:45:00,390102.74751,655402.265104,166654.03215,195226.663145,2254264.306235
2026-04-20 19:00:00,523020.7645620001,533412.436015,130746.74566900001,242238.93575300003,2791077.7041220004
2026-04-20 19:15:00,701320.7897099999,528150.058191,136472.83616200002,218229.083211,2321005.7477369998
2026-04-20 19:30:00,1011276.39868,648586.721289,230995.63204,284310.43176300003,3825429.8417060007
2026-04-20 19:45:00,2681283.0172739998,2632378.997691,891667.712287,974516.5285520001,8756691.117120001
2026-04-20 20:00:00,1224010.875739,850673.594701,318510.516466,136046.19730600002,1234741.0879719998
2026-04-20 20:15:00,14392.716573000002,20968.938989,3299.0,3901.2117200000007,181312.822911
2026-04-20 20:30:00,1109924.2613000001,37033.994104,9576.567745999999,18908.268447000002,147140.83675699998
2026-04-20 20:45:00,251776.313151,20980.275057,4299.871815,13155.343868,211762.90628500003
2026-04-20 21:00:00,138324.866364,11786.059108,3186.0,3478.78224,239410.56495800003
2026-04-20 21:15:00,77705.763719,15958.285215999998,597.008447,2013.7463120000002,63603.29668400001
2026-04-20 21:30:00,68773.82880100001,5287.4583999999995,4461.599824,5926.599249000001,60878.163314000005
2026-04-20 21:45:00,46456.29369,5941.584322999999,950.0,3112.951373,35837.42473399999
2026-04-20 22:00:00,39805.106257,9010.897377,7125.763334,3144.620016,72106.325263
2026-04-20 22:15:00,19067.938329999997,7940.845058999999,1141.695649,3736.8979069999996,35198.33298100001
2026-04-20 22:30:00,10226.223528999999,11927.538324000001,2760.801655,3711.346732,51062.473488
2026-04-20 22:45:00,10284.412141,4173.958402,1997.302495,3319.512563,46273.262887
2026-04-20 23:00:00,15422.033207,4368.353773,1417.271816,2099.44475,38832.515367
2026-04-20 23:15:00,24196.600411000003,5670.570787,3947.149018,2326.1417290000004,39580.755499
2026-04-20 23:30:00,16413.491476,6818.539556,870.0,2274.1093549999996,30187.060192999998
2026-04-20 23:45:00,17726.196487999998,13943.857271,2424.442369,6059.654112,64047.997931000005
2026-04-21 08:00:00,54995.630715,52881.142171,19022.279918999997,16010.622186999999,259347.04939999996
2026-04-21 08:15:00,15494.557548,5408.880783999999,1152.0,4694.53562,27575.257782999997
2026-04-21 08:30:00,10643.411479000002,7813.0207310000005,260.0,783.061515,45766.650179000004
2026-04-21 08:45:00,9216.470976,10165.482034,1031.0,2208.421699,29034.198446
2026-04-21 09:00:00,2607.421168,6049.729855,748.026421,1319.4197589999999,24166.364166999992
2026-04-21 09:15:00,4996.637333,6962.16513,246.003,1872.5364630000001,14034.341168
2026-04-21 09:30:00,4254.2238,2596.425405,228.0,1700.241199,11926.995578000002
2026-04-21 09:45:00,10757.089614,4403.805106999999,566.0,4024.280501,32578.814646000003
2026-04-21 10:00:00,9590.694215,5206.754596,421.0,831.0,33726.758018
2026-04-21 10:15:00,4788.537143,5549.461359,,1544.0047809999999,19375.044881
2026-04-21 10:30:00,16413.957086,2740.508077,921.181951,1923.4895729999998,55565.84334000001
2026-04-21 10:45:00,28864.527420000002,11398.270376999999,1535.366,2805.604424,66540.654586
2026-04-21 11:00:00,53680.638375999995,27992.324513000003,17051.274417,18076.547636000003,336788.511825
2026-04-21 11:15:00,44841.926757,29543.819081,2282.0040129999998,20433.049577,250535.05238500002
2026-04-21 11:30:00,19277.276472999994,19079.549640999998,8073.918951,5565.853657,105715.91916199999
2026-04-21 11:45:00,16412.767411,23487.722902,2864.4723169999997,5161.3337950000005,123099.66329200003
2026-04-21 12:00:00,35177.15700700001,21993.761646,3113.0,6965.531169,159152.904149
2026-04-21 12:15:00,23736.204865,20796.337964,4450.451927,8209.773689,140457.627711
2026-04-21 12:30:00,41921.13435,25184.058282,16114.995053,16721.828329,229619.599031
2026-04-21 12:45:00,61546.238928000006,21652.119343,8577.68982,8420.732551000001,142268.24695600002
2026-04-21 13:00:00,40820.710788,30500.471339999996,2472.274319,12950.731084,162150.674083
2026-04-21 13:15:00,106291.105612,89402.721756,9935.584694000001,19802.930034,212316.55024399998
2026-04-21 13:30:00,3383347.2798440005,1920721.4167569997,801467.766262,676831.5567229999,10154125.197733
2026-04-21 13:45:00,1493777.6346100005,1442425.102794,438981.552059,330002.87046,4960863.329100001
2026-04-21 14:00:00,1478028.765654,1355102.8427330002,392148.117882,354332.883469,5341931.276262
2026-04-21 14:15:00,1491628.4655670002,1115860.5333729996,398484.73576599994,218364.564862,3972684.2097170004
2026-04-21 14:30:00,1174678.4396620002,1491852.614764,290155.623922,213299.906832,3114772.820892
2026-04-21 14:45:00,1177078.906761,1196570.4870640002,341560.860705,223216.95200699996,3156735.9811980007
2026-04-21 15:00:00,1609111.246315,1373844.3694449998,359982.969579,309707.67623299995,3896641.1506379996
2026-04-21 15:15:00,1441106.0724709998,969539.6553020003,241808.894505,239551.417863,3118753.451624
2026-04-21 15:30:00,1311715.643956,569914.5595290001,367505.12449399993,162907.15776299997,2328837.3582249996
2026-04-21 15:45:00,1418275.4731579998,704298.8562229999,183360.27856600002,155906.74898799998,2511631.8752969997
2026-04-21 16:00:00,1641134.917289,872311.505887,279380.69221999997,141624.52587299998,3188585.6703339997
2026-04-21 16:15:00,1265105.905233,663716.3180520001,284892.18876600004,148706.03996100003,3116433.5527439993
2026-04-21 16:30:00,2054742.3907190003,655506.9200099999,256496.044201,115791.66099199999,2808267.8567150002
2026-04-21 16:45:00,1312021.2057720001,530446.883319,201403.89761800002,144107.81593,1941478.961041
2026-04-21 17:00:00,2098440.579707,1162021.6000029999,412439.54553700006,296558.57817800005,3063546.4420479997
2026-04-21 17:15:00,916888.8734300002,786142.2473749999,355115.39947000006,185035.945616,2666811.862486
2026-04-21 17:30:00,1013074.4755879999,758563.7786889999,360978.04379100003,286290.860429,3101999.270647
2026-04-21 17:45:00,990776.5626320001,634817.223287,750204.2781280001,129320.65643300001,2468569.2738320003
2026-04-21 18:00:00,620961.38431,710916.029843,164652.154966,120836.420196,2263806.640297
2026-04-21 18:15:00,702851.687598,568162.390099,281742.55451499997,211315.16985600002,2185464.345105
2026-04-21 18:30:00,1752762.2212150001,515371.208878,149733.95014000003,127831.204471,2219831.433917
2026-04-21 18:45:00,1011297.240346,631148.8465159999,240573.21753,159644.53388400003,2663271.683059
2026-04-21 19:00:00,1290151.453067,826220.2881679999,227675.40019899997,152326.589748,2582569.0928599997
2026-04-21 19:15:00,1052181.612116,576216.198601,211896.40812300006,305630.46719600004,2492031.964464
2026-04-21 19:30:00,2455694.978799,1422128.091008,466183.84051400004,370729.205235,4271222.441024
2026-04-21 19:45:00,3783961.5318940002,2525550.359226,1075746.982428,838694.089931,7406077.562986
2026-04-21 20:00:00,495887.751547,606547.576767,1414887.381195,142835.32207,1962118.521531
2026-04-21 20:15:00,93272.509059,52359.880207,127544.772933,16917.036333,246142.28068499998
2026-04-21 20:30:00,31633.161967,58207.18678899999,7141.462178,9057.593732000001,172948.73582500004
2026-04-21 20:45:00,565019.4342900002,18006.508282000003,6221.213358999999,2448.278548,66371.868726
2026-04-21 21:00:00,24007.097946999995,9805.350647,1784.396847,3103.899713,49780.44822300001
2026-04-21 21:15:00,8516.569309999999,7287.961801,6379.331827,2217.592131,45889.335246
2026-04-21 21:30:00,10341.995478999997,6869.011715,2838.397465,3903.585819,28645.275279999998
2026-04-21 21:45:00,3133.5209029999996,6571.426682,3303.121838,2502.782752,51951.25030199999
2026-04-21 22:00:00,15723.895644999999,8541.93397,6012.364529,2216.53849,33368.466006999995
2026-04-21 22:15:00,8526.944264999998,5618.2045419999995,1063.26,2435.970905,18489.687630000004
2026-04-21 22:30:00,4613.193735000001,8832.875091000002,4766.553848,3383.6950869999996,35278.885703
2026-04-21 22:45:00,7449.964129999999,11977.113323,330.0,5712.742353000001,28023.339486999997
2026-04-21 23:00:00,5902.176099,6981.004518999999,7719.2117690000005,992.043223,52171.588821
2026-04-21 23:15:00,8512.070983999998,3013.9645840000003,14041.499216,2536.378217,58509.677058
2026-04-21 23:30:00,5454.644763,5227.016984,3987.0176,2124.229839,93674.74089100001
2026-04-21 23:45:00,10430.129229999999,12919.855290000001,5279.186651,5224.360035000001,94110.118361
2026-04-22 08:00:00,63906.7921,100301.94184000001,17951.531259,25924.378854000002,250332.48784099997
2026-04-22 08:15:00,4577.129199,13404.606986,947.53823,2125.5636870000003,29649.720396
2026-04-22 08:30:00,3089.437077,13010.548776,541.060629,2118.0813980000003,34966.82780199999
2026-04-22 08:45:00,867.844826,4265.960063,764.19,1016.0,5702.220413
2026-04-22 09:00:00,2767.988468,13836.442776,1135.368885,1374.4003109999999,22123.253077
2026-04-22 09:15:00,7780.442832000001,11964.445036000001,664.486411,858.007407,26368.42866
2026-04-22 09:30:00,4255.569183,11693.635691,483.0,193.0,14388.446801000002
2026-04-22 09:45:00,8172.343057,23229.450619,3321.6343610000004,3351.264527,29260.424585999997
2026-04-22 10:00:00,1436.09609,4733.636386,622.0391,847.0031,29900.285845000002
2026-04-22 10:15:00,1892.8884509999998,21123.973610000005,323.33024,531.7711400000001,30476.086313000003
2026-04-22 10:30:00,10365.303012999999,10002.267015,440.15148,1712.1403850000002,24199.821702
2026-04-22 10:45:00,3493.111812,7273.609625,2183.03029,950.01,33293.328965
2026-04-22 11:00:00,28508.583490000005,21302.010692999997,8975.593484,15406.516808,165486.38730700003
2026-04-22 11:15:00,25206.813704000004,21277.479256000002,4523.403840999999,8531.433693,65977.85922799999
2026-04-22 11:30:00,29747.878492000007,23727.378105000003,7486.500892,1918.779983,55783.751179
2026-04-22 11:45:00,16411.31108,19334.71172,6735.884268,2967.826053,55682.637144999986
2026-04-22 12:00:00,31788.001539999997,30625.716695000003,116549.80871199997,7854.642730999999,357659.645998
2026-04-22 12:15:00,25465.338464999997,29661.652949,24996.386586,6973.510538,134088.122551
2026-04-22 12:30:00,29753.750106999996,24428.730504,28257.946401,13882.884318999999,190890.88986199998
2026-04-22 12:45:00,21585.140930999998,20626.028162,14617.412633,15455.070643000001,163274.60228400002
2026-04-22 13:00:00,23283.05543,26348.227833,15814.661123,5532.489779,194893.67112600003
2026-04-22 13:15:00,91420.454858,54216.56225699999,34288.268372,25254.991813000004,339141.42066
2026-04-22 13:30:00,3165097.0964379995,2494859.5726840002,937863.1559719999,653270.3628390001,7761030.265438001
2026-04-22 13:45:00,1619165.5882920003,1203170.3846289997,558530.719234,304306.427756,6187821.633613001
2026-04-22 14:00:00,3325662.157054,1405526.784449,553431.707577,481132.8659770001,4326348.595125
2026-04-22 14:15:00,2461399.321794,1373289.1109230001,457982.410529,435116.38595500006,5152554.3807230005
2026-04-22 14:30:00,1953311.004438,1298623.6319330002,419592.60961800005,326210.93875800003,5322592.035847999
2026-04-22 14:45:00,1186547.518136,826540.625635,287943.75343900005,178045.967435,4185644.6362029994
2026-04-22 15:00:00,843533.685834,788576.8520229999,294861.63070700003,167311.430143,2770251.532379
2026-04-22 15:15:00,1091059.0437619998,909916.006779,235644.53719999996,191829.423174,3824066.001874999
2026-04-22 15:30:00,1488527.058012,878274.915228,260943.69790499995,169878.27945600002,3017417.5353309996
2026-04-22 15:45:00,741628.0298409999,699461.848984,227018.443422,157936.28964200002,2419170.441247
2026-04-22 16:00:00,1000726.2986810001,516704.59573199996,215122.10374899994,121717.02377900002,1617692.010837
2026-04-22 16:15:00,868266.8933140002,562496.27255,260812.59592600004,184686.431047,1926088.2347599997
2026-04-22 16:30:00,770664.897467,579077.650693,390488.51798800007,169498.306924,1727467.402607
2026-04-22 16:45:00,543284.3465509999,462278.94599399995,178045.551822,110508.25966199998,1336103.670402
2026-04-22 17:00:00,949249.825501,515752.159608,197128.288137,171611.618946,3769751.828956
2026-04-22 17:15:00,692449.085858,477412.23293799994,151711.79720899998,142845.61075600004,1953835.3770550003
2026-04-22 17:30:00,592228.624172,312792.77385899995,196957.86296200004,224533.34063399996,2781876.0330250002
2026-04-22 17:45:00,672554.00964,399730.579689,146505.29710300002,272969.80889799993,2727757.3857130003
2026-04-22 18:00:00,614605.22953,445885.772855,204251.70698000002,132546.109436,2556454.5416650004
2026-04-22 18:15:00,1154789.1980139997,826457.8785930001,212749.153789,245238.292952,3069777.162139
2026-04-22 18:30:00,574162.6124110001,434504.652813,219477.34470099997,143344.55244400003,2237199.553892
2026-04-22 18:45:00,560237.099547,617398.434056,216167.11148899997,154277.659694,1830111.121302
2026-04-22 19:00:00,670835.557178,477265.16563799995,251220.81425400003,193452.058761,2625247.703268
2026-04-22 19:15:00,777034.171581,526570.113616,325069.58318500005,236139.96128000002,2961644.3671010006
2026-04-22 19:30:00,995294.13498,771871.25941,393828.87622999994,364085.838588,3519556.567391
2026-04-22 19:45:00,3283395.3201019997,3102354.224898,1820610.430334,970073.5258240001,7870414.178973999
2026-04-22 20:00:00,1432041.3809240002,325784.26983,460172.3368669999,67277.49707200001,839800.556753
2026-04-22 20:15:00,32330.465705,416959.1112069999,14936.898014999999,22411.781241,158245.6867
2026-04-22 20:30:00,90740.615777,139959.252255,5119.44509,7574.97952,117201.548426
2026-04-22 20:45:00,7250.216786999999,50215.668005,1645.768925,4956.545489,75410.432813
2026-04-22 21:00:00,15176.042023999998,37493.495145,3160.197696,4873.080830999999,108940.10427899999
2026-04-22 21:15:00,10019.245921,44672.247106,5532.696545999999,2802.335647,43639.900311
2026-04-22 21:30:00,3875.044639,27427.266667,539.126021,2244.772361,92740.66931
2026-04-22 21:45:00,4559.471708,24160.474742,609.0,3423.3432150000003,76771.830748
2026-04-22 22:00:00,12340.61855,21157.45374,3771.660499,2941.5592699999997,44489.311052000005
2026-04-22 22:15:00,24267.62476,13179.406477,2805.0,1826.5863639999998,37227.050147999995
2026-04-22 22:30:00,4418.543518,27374.838123,1509.571264,4502.186236,69869.71648999999
2026-04-22 22:45:00,4385.321317,7627.330485,3595.281296,583.5233070000002,45363.270636
2026-04-22 23:00:00,2589.6034,7187.131613,1750.016968,364.195789,36454.09015000001
2026-04-22 23:15:00,259.011583,9044.815902,1290.033943,1644.7762950000001,39977.112802999996
2026-04-22 23:30:00,6593.197783,14199.604961,5366.3499,2775.4898470000003,47706.710266999995
2026-04-22 23:45:00,5281.939665,19126.594746,4988.31008,1360.385978,66009.1967
2026-04-23 08:00:00,44016.275568,102049.101369,25746.642434,19041.556081000002,360013.79464599985
2026-04-23 08:15:00,1795.0,19122.555913,372.0,,23416.325598999996
2026-04-23 08:30:00,4583.897719,8426.898078,3787.240955,6774.26117,51434.59157699999
2026-04-23 08:45:00,1212.000446,6407.272704999999,3145.09715,460.448166,27740.968684
2026-04-23 09:00:00,5005.195884000001,10459.73764,4362.18872,1199.180683,46104.555039
2026-04-23 09:15:00,3495.015499,8297.682744999998,574.0,1402.05793,32117.932262000002
2026-04-23 09:30:00,5840.3766350000005,7935.807492,297.0,1664.366106,20890.207798
2026-04-23 09:45:00,2899.7281940000003,4975.004022,5510.1151580000005,397.0,13767.08913
2026-04-23 10:00:00,2152.240779,17542.920345,1604.0,44.018853,31453.382611999998
2026-04-23 10:15:00,3450.2123500000002,12090.143415000002,2858.615906,3077.066846,25231.844108999998
2026-04-23 10:30:00,14787.856414999998,35012.99421699999,8436.457791,55916.639619,49480.99573
2026-04-23 10:45:00,2196.858815,43759.21689,1408.443788,16659.560455,26880.969276
2026-04-23 11:00:00,17266.102228,55941.23837500001,6026.214134,87140.47100599999,193352.12364000003
2026-04-23 11:15:00,10322.318979,16555.971719,1675.001994,39003.921817,79209.030389
2026-04-23 11:30:00,9945.540433,30177.767280999993,662963.7114,17449.385483000002,78495.686362
2026-04-23 11:45:00,70552.007776,62243.705313,7921.911395,30428.402155000007,171734.58724999998
2026-04-23 12:00:00,47624.616917,42522.5456,12161.017273,26148.772901999997,241647.196288
2026-04-23 12:15:00,24606.57597,53920.69301,7644.340106,31287.068707000002,487592.0110069999
2026-04-23 12:30:00,34428.840009,104632.38542800001,2687.8281500000003,30030.225898999997,87130.28223800001
2026-04-23 12:45:00,76462.51237899999,180972.97951099998,11634.430072000001,33241.603251,241956.696033
2026-04-23 13:00:00,84916.22574699999,112700.440299,16925.420789,40521.846188,119410.98756800001
2026-04-23 13:15:00,81169.529916,188625.105871,32364.750721999997,64998.734755000005,248365.119292
2026-04-23 13:30:00,3082957.142865,3788343.947318,950934.2063300001,982177.3759740004,8799997.477744
2026-04-23 13:45:00,1066006.668438,2670540.861391,375660.218555,536855.5352090001,6905310.196569
2026-04-23 14:00:00,1000046.7222500001,2101345.258182,619750.413821,474280.51541,4755508.601776999
2026-04-23 14:15:00,679965.972042,1553419.696807,398105.35342100007,230610.96734399998,4267368.990014001
2026-04-23 14:30:00,624319.166745,987561.0771979999,277866.104015,211123.918762,3672575.306264
2026-04-23 14:45:00,612946.493782,1057991.1541930002,229891.01749400003,271482.341463,3991004.581459
2026-04-23 15:00:00,645658.3349440001,857575.708898,328117.36081700004,263296.295968,2885280.4857029994
2026-04-23 15:15:00,520438.353024,1052447.142676,461186.25805,367826.83660999994,2384970.7543989997
2026-04-23 15:30:00,834331.2516839999,738586.7669790001,283694.028539,219677.418698,2664997.291231
2026-04-23 15:45:00,573849.8312380001,1148083.951481,266723.384619,232288.393776,4067577.9140230003
2026-04-23 16:00:00,412323.67810699996,732521.000455,290435.202079,163836.94057199996,3280516.960829
2026-04-23 16:15:00,428412.44514799997,841884.775748,192285.15233500002,126911.83423600001,2295183.537479
2026-04-23 16:30:00,526140.9208429999,799771.1739100001,149698.486447,96018.78522100001,1970273.185085
2026-04-23 16:45:00,411997.65355999995,727792.2514169997,171314.38774099998,86851.873215,1839715.165881
2026-04-23 17:00:00,2476925.736007,1096597.5818490002,536490.518295,263208.61358899996,3962142.3871109993
2026-04-23 17:15:00,747445.343781,1258943.1102059998,541890.849821,465155.3839189999,3987683.5469440003
2026-04-23 17:30:00,749950.8560399999,1457836.8089560003,504144.214756,885085.018351,5137636.8035740005
2026-04-23 17:45:00,1385010.7913099998,1232484.909734,799748.0771049998,541982.470847,6176268.886295
2026-04-23 18:00:00,779884.6748930002,806143.543215,362438.7466090001,392033.145137,3034771.6479009995
2026-04-23 18:15:00,1054715.146665,628831.700511,267297.793517,221536.716282,2313431.9099910003
2026-04-23 18:30:00,565968.2834220001,1451323.6898709997,208518.918013,239470.118555,2024902.8782239999
2026-04-23 18:45:00,829673.7116860001,587230.18489,240019.51280499998,269790.995728,2065509.65555
2026-04-23 19:00:00,727977.1503869998,581856.49616,196141.055764,203420.08342900005,2125715.6287370003
2026-04-23 19:15:00,666616.2495200001,707222.122962,240174.86873699998,270716.030475,2131342.1751349997
2026-04-23 19:30:00,657499.886485,769709.933599,244785.59299500004,293167.11874899996,2663453.7807660005
2026-04-23 19:45:00,2096375.7750710002,2142896.393264,846213.8594109999,866459.0311919999,5476446.353385
2026-04-23 20:00:00,1420686.992079,321363.8224800001,313002.071989,163135.60211200002,1059422.544173
2026-04-23 20:15:00,305191.18456799997,115045.471424,13825.404310999998,11568.053964,169375.97266099998
2026-04-23 20:30:00,32988.708205,59992.22146700001,4976.71271,6856.078670999999,121576.84518499998
2026-04-23 20:45:00,19604.155396000002,29217.932973999996,2324.515637,8410.728093,96237.70508300001
2026-04-23 21:00:00,17716.598115,20203.764189,3791.369721,3545.412924,75705.21573899999
2026-04-23 21:15:00,15342.564845,16898.945107000003,3922.4172150000004,3708.598726,128338.63414300002
2026-04-23 21:30:00,9476.407857999999,11622.913567,1494.243342,7767.966725,57244.07704800001
2026-04-23 21:45:00,6788.674505000001,15116.974658000001,2303.137603,10145.663816999999,81199.867896
2026-04-23 22:00:00,8058.073850000001,45234.515719999996,1865.0,4159.077184,120393.26768900001
2026-04-23 22:15:00,2841.040229,15693.325245999999,933.0,3527.4795020000006,107443.477762
2026-04-23 22:30:00,3272.472095,9758.959569999999,645.0091649999999,3814.596815,49671.580202000005
2026-04-23 22:45:00,3590.434473,19142.160165,3088.069571,1396.1084879999999,45658.80522699999
2026-04-23 23:00:00,2850.94697,9732.830558,307.04,2233.894053,30297.991742000002
2026-04-23 23:15:00,1180.446404,14504.014929,607.051794,1173.110911,53451.705068999996
2026-04-23 23:30:00,3664.1632050000003,14719.974342,5813.515123,3375.8808999999997,98172.35018500002
2026-04-23 23:45:00,3388.083091,13789.097411,7743.507348,3485.32803,76009.012959
2026-04-24 08:00:00,40994.322787,80443.96026200001,22313.230677,29331.990947,318538.22747499996
2026-04-24 08:15:00,6055.143120000001,17639.825906,2955.6670830000003,3029.4195970000005,64817.005712000006
2026-04-24 08:30:00,3748.020699,15018.866309000001,425.0,1018.220396,44142.40446299999
2026-04-24 08:45:00,2377.830832,10785.775561,794.0,1744.753517,43169.550089
2026-04-24 09:00:00,3077.232958,9485.672047,1399.0,2320.724662,47593.55251699999
2026-04-24 09:15:00,1544.047803,45773.431730000004,2856.418264,1891.1228820000001,50261.16141
2026-04-24 09:30:00,2506.864646,5612.27612,2402.823965,6405.199022,28335.887037000004
2026-04-24 09:45:00,458.0,7123.876431999999,364.0,1771.232549,52022.29522600001
2026-04-24 10:00:00,851.398597,5313.090835,711.334692,1574.076031,92937.83612200001
2026-04-24 10:15:00,1283.122644,9257.042935,2091.4138310000003,1822.122532,69461.38747
2026-04-24 10:30:00,4594.1662160000005,9585.607854,2418.740095,8073.266875,68212.24944700001
2026-04-24 10:45:00,1164.5662269999998,8622.496189000001,1089.3,580.28072,42653.71387800001
2026-04-24 11:00:00,32616.477252999997,71795.14003499999,35133.977948,18385.36376,451442.0971460001
2026-04-24 11:15:00,28345.949824000003,82498.642703,43582.801974,20512.215092000002,442326.755051
2026-04-24 11:30:00,28732.36789,58955.99089400001,23870.630810000002,14242.049789,309929.39203099994
2026-04-24 11:45:00,17935.121474,25855.278604999996,12368.136897,4950.2018849999995,232442.40160399998
2026-04-24 12:00:00,26473.721459,39367.99046800001,19109.813996999997,19523.938941,293755.235979
2026-04-24 12:15:00,16885.478709,60632.48779900001,13535.859632,15421.554235,254813.05628400002
2026-04-24 12:30:00,18612.447297,31209.862988,20812.501075,18778.473742000002,166425.12356499996
2026-04-24 12:45:00,25374.270186000005,45660.234204,18667.306219000002,16649.780537000002,424665.55780100013
2026-04-24 13:00:00,14350.071994999998,25671.145261,11267.091952,12731.644919999999,343879.348446
2026-04-24 13:15:00,63880.21856899999,96525.174531,35825.475685000005,20557.301803,345042.40016599995
2026-04-24 13:30:00,2834016.3941529994,2165105.7239969997,1365900.7137560002,957961.1329790001,15744715.652595
2026-04-24 13:45:00,1231810.1746969998,1233954.4642750002,579893.650073,676967.7593040001,6631003.401287
2026-04-24 14:00:00,1222960.8120519998,986348.1377369999,464180.671742,674815.6437980001,5766859.7676909985
2026-04-24 14:15:00,1011226.351818,802271.200029,436686.243059,289873.81765700004,4367682.160905999
2026-04-24 14:30:00,651092.6194590001,700353.5865919999,427446.1454749999,315970.587542,13404068.548556
2026-04-24 14:45:00,625767.87896,601322.3793230001,405238.78387100005,224279.859157,16128114.109879002
2026-04-24 15:00:00,728960.5683039998,720070.7496539999,353797.77769,250267.36480700003,13253252.899447998
2026-04-24 15:15:00,751546.4697550001,519392.266949,712020.8358740001,516172.01399099996,10521451.185356
2026-04-24 15:30:00,1234394.339871,738294.844894,713309.4165619999,480076.580267,10749006.883875001
2026-04-24 15:45:00,1163694.9791620001,783713.512952,1358737.306693,504474.71109800006,6312029.407327999
2026-04-24 16:00:00,638045.747309,1019113.274048,907589.4724630001,544833.347837,5598673.959040999
2026-04-24 16:15:00,506881.237818,520683.03555500007,391984.00562999997,252273.02908199996,8504867.842850002
2026-04-24 16:30:00,507741.690048,410965.27934,262428.77077299997,256902.785957,9152016.61187
2026-04-24 16:45:00,1095018.81818,451856.391316,248543.884804,448272.07153700007,5706179.757177999
2026-04-24 17:00:00,743777.87255,756847.375422,225161.115031,528217.501522,4207901.731047
2026-04-24 17:15:00,1029361.044023,440065.62213100004,225754.85968600004,325943.205931,3981131.7442670004
2026-04-24 17:30:00,813591.229971,388352.160708,245265.23407,294399.163862,3291074.956708
2026-04-24 17:45:00,759751.744818,597555.866955,264789.087763,311405.4399720001,2852922.212751
2026-04-24 18:00:00,895822.913981,482916.31239799986,217443.51285600002,208098.920219,3474316.268544
2026-04-24 18:15:00,536999.5382109999,552448.0031420001,185446.83470200005,218915.14090499998,4388664.563885999
2026-04-24 18:30:00,621963.411189,686107.2394310002,234407.639035,199569.52663700003,3288318.2658449993
2026-04-24 18:45:00,558346.3303479999,536748.015702,253842.45999699997,233633.16909200003,4826562.675801
2026-04-24 19:00:00,1787485.796593,985670.5004020002,284936.02240799996,288773.599168,5360422.270628
2026-04-24 19:15:00,654723.130359,850244.9609140002,349328.412562,375455.908495,4632543.689067
2026-04-24 19:30:00,926223.2230679998,702233.7119969999,893815.7873460002,307589.851031,4490171.912044
2026-04-24 19:45:00,3820493.6617659996,2377784.647059,1908061.718968,1012540.932272,11582892.468213001
2026-04-24 20:00:00,266129.434716,208057.84201599998,182783.653224,187290.29179699998,1545589.180936
2026-04-24 20:15:00,29441.807526999997,24367.385973,2567.899641,7781.465622000001,122383.16846
2026-04-24 20:30:00,71912.56786699999,14136.452657000002,2252.153333,5071.81049,112036.52062399998
2026-04-24 20:45:00,14679.460813000002,15517.97525,21753.63769,5714.644477000001,99890.503013
2026-04-24 21:00:00,6325.8751649999995,9374.376023,3452.002515,6835.994446000001,57148.943713
2026-04-24 21:15:00,6241.001840999999,9206.461818999998,7039.424809,3317.8684160000003,98902.87394800001
2026-04-24 21:30:00,3236.648927,9735.994630000001,3446.0,3725.490274,59044.815823
2026-04-24 21:45:00,5192.182709000001,12667.012321,7939.404754,5016.281115,32102.647509999995
2026-04-24 22:00:00,9295.473792,8337.212774,16675.736399,1438.7904930000002,48121.129186000006
2026-04-24 22:15:00,3379.05888,4958.561363000001,2134.1534389999997,1589.6424909999998,36196.287563000005
2026-04-24 22:30:00,2291.328068,5210.737991,842.0,958.2338960000001,50001.487745
2026-04-24 22:45:00,2472.138125,6788.695107,1465.0,2443.243661,32964.144984
2026-04-24 23:00:00,2702.445989,5877.594205,219.008,,62984.052208
2026-04-24 23:15:00,7196.663344,4439.531126,3382.087864,2158.135177,32092.302663000002
2026-04-24 23:30:00,2433.1067510000003,6836.670308,1596.0,2557.640991,47289.61541599999
2026-04-24 23:45:00,7633.138409,8060.249723999999,3776.199208,3038.6542320000003,90795.144116
2026-04-27 08:00:00,148190.90488299998,113681.59395800001,47730.581573999996,46973.28266199999,706504.0762619999
2026-04-27 08:15:00,46781.166534,10677.302327,6011.6743670000005,5416.51321,63297.970347999995
2026-04-27 08:30:00,30095.824066,6510.839217999999,3553.500377,3499.996345,62236.516504
2026-04-27 08:45:00,24282.513188999998,4137.340503,2008.2,3789.7166770000003,97829.28717099999
2026-04-27 09:00:00,17827.104277,9145.321283000001,2727.777374,1505.493995,54602.70809600001
2026-04-27 09:15:00,15043.606562,5649.78298,3879.447685,3636.7374630000004,64623.18388900001
2026-04-27 09:30:00,35335.569191,10000.888700000001,1709.1238250000001,4090.198529,65310.27120599999
2026-04-27 09:45:00,19493.037675000003,5856.231162,1832.794378,1563.148361,102884.683057
2026-04-27 10:00:00,26491.8122,7537.952157000001,5310.6936829999995,1330.850681,221551.891445
2026-04-27 10:15:00,39006.206371,4281.516541000001,5066.805012,476.763447,146743.445975
2026-04-27 10:30:00,40119.535472,12790.460133,12756.502145999999,1635.380828,142594.903658
2026-04-27 10:45:00,71593.531821,8718.087351,15568.991799000001,2645.108359,124139.346636
2026-04-27 11:00:00,91166.451752,37937.059720000005,26458.921930999997,14293.902420000002,918139.966268
2026-04-27 11:15:00,116794.21982199998,43347.898789000006,15916.163236,15508.346693999998,625335.1089329999
2026-04-27 11:30:00,83412.85365499998,28052.886612000002,8568.121898000001,13839.634486,617213.8302690001
2026-04-27 11:45:00,61097.80414,32427.816947,5597.238848000001,4929.058211,284009.294874
2026-04-27 12:00:00,72058.469869,25716.931770000003,14557.339521,12297.747564999998,321587.797699
2026-04-27 12:15:00,67205.561564,34290.332078,20671.242975999998,12127.179512,459653.417905
2026-04-27 12:30:00,65165.88390900001,18862.635994000004,13081.218728,6891.969097,388701.782986
2026-04-27 12:45:00,70667.95940799998,55763.657812000005,14634.187471000001,4899.631706,236961.77777299998
2026-04-27 13:00:00,66674.08775699999,1382730.0565040002,30136.361388999998,27870.904293,340104.96052400005
2026-04-27 13:15:00,232298.61359300005,405387.428817,241878.18054900004,192947.14914599998,1155723.778955
2026-04-27 13:30:00,4773044.393033,2888071.085544,1342996.396061,1051946.061259,17131758.777990997
2026-04-27 13:45:00,1881305.0572679997,1412174.3749030004,1686495.6039839997,744365.8834419999,10327183.329415001
2026-04-27 14:00:00,1233147.9492989997,907363.425751,1536190.9929259997,534414.830667,5859904.726283
2026-04-27 14:15:00,882588.044965,1173644.0685140002,503841.12338600005,433786.211858,6147246.876611
2026-04-27 14:30:00,992024.9623479999,954528.6458360001,650469.061575,541439.173745,7419878.408494
2026-04-27 14:45:00,827379.9031929999,758954.6352210001,359308.505811,559607.306042,4264232.678309
2026-04-27 15:00:00,787020.046862,936791.4253840001,380495.77757999994,469465.50860599993,3420421.5028020004
2026-04-27 15:15:00,645528.1336109999,745638.481522,464593.56352300005,357450.65300800005,3017051.8406449994
2026-04-27 15:30:00,645473.330834,583467.5982799999,202807.123146,372432.47429700004,4559903.172007
2026-04-27 15:45:00,681221.2879500001,605314.07661,312885.433444,329775.487827,3392487.4881180003
2026-04-27 16:00:00,726802.8979940001,477243.66443400003,259181.056975,565000.6803029999,4822631.956031
2026-04-27 16:15:00,625985.9920520001,474314.86668599996,219479.937775,194435.88203099996,3765690.8343239995
2026-04-27 16:30:00,517409.41052000003,361191.94909499993,261339.62326100003,238794.46996,10306733.87439
2026-04-27 16:45:00,664871.137785,496236.9295600001,472557.91987899994,289692.819066,4581785.787794
2026-04-27 17:00:00,1072402.064392,408988.7186029999,228684.40196900003,224566.451966,5562622.304357
2026-04-27 17:15:00,696233.4309749999,552910.891238,207175.80520899998,210808.161445,5460719.373013
2026-04-27 17:30:00,517034.7224,538895.957839,322182.29272300005,270452.831777,4293422.535223001
2026-04-27 17:45:00,559272.706909,485324.03341599996,250197.33213800006,225164.29231299998,7606606.430654999
2026-04-27 18:00:00,630786.976167,686745.786065,270016.884925,205459.52005899997,5573026.68581
2026-04-27 18:15:00,851053.9835980001,480158.2994409999,197956.131158,153288.259074,6933939.070660001
2026-04-27 18:30:00,688285.627876,664728.0100049999,278437.090146,231467.22733199995,5910199.170747002
2026-04-27 18:45:00,545286.6929489999,566669.1442160001,302157.906108,242509.334828,4836024.817805
2026-04-27 19:00:00,677698.707768,634530.9943870001,205472.41147599998,245104.02523000003,4940535.795488
2026-04-27 19:15:00,802243.571791,609158.310783,252123.87922499992,271549.31487500004,4828583.043860001
2026-04-27 19:30:00,1398981.9151559998,952028.6853919998,389605.580823,341294.241345,4637317.844776001
2026-04-27 19:45:00,2681489.589133,2047699.010884,1176284.491593,791089.796006,11244073.213393003
2026-04-27 20:00:00,4061401.869606,496373.14651000005,910328.726834,38510.353822000005,1997056.2631239998
2026-04-27 20:15:00,31265.162611,44715.649655,5567.162273,13156.226909,632887.6786250001
2026-04-27 20:30:00,49753.478695999984,21076.63529,7672.9666080000015,3680.0119090000003,284365.868473
2026-04-27 20:45:00,18313.133092,9582.689333,5149.2632,4116.710336,153887.03313
2026-04-27 21:00:00,2578.039918,14191.432968,4597.612324,4855.928485,239063.72657499998
2026-04-27 21:15:00,21899.290689999998,9320.428088,10514.0,3629.432589,147981.65317299997
2026-04-27 21:30:00,9623.345266,6808.677848,5207.119640000001,2177.4743439999997,77691.73088
2026-04-27 21:45:00,6848.710125,4254.036281,1440.334929,1770.078372,88053.017925
2026-04-27 22:00:00,23287.726645,11969.568473,6513.811125,7696.995923,189027.90976300003
2026-04-27 22:15:00,5675.221122,10153.699235,4326.315793,2749.8433999999997,185026.74991400004
2026-04-27 22:30:00,13401.615452,6939.158176,3011.147141,3320.403583,172960.866133
2026-04-27 22:45:00,10879.283037,5794.264947999999,12647.579083,4831.430722,170815.821462
2026-04-27 23:00:00,4438.088527,4331.704433999999,4604.0095,1725.440139,288341.77896
2026-04-27 23:15:00,4962.449210000001,5787.211275,2115.089548,953.790858,290449.66401999997
2026-04-27 23:30:00,8016.596324,6031.437387000001,5241.011431,359.28428599999995,167393.70320500003
2026-04-27 23:45:00,6635.651086,8937.400111,4798.422047,3553.407188,285175.41539700003
2026-04-28 08:00:00,12346.026549999999,30766.79133,12511.403762000002,4260.2727350000005,300951.61309500004
2026-04-28 08:15:00,11439.221383,12584.270944999998,7332.415886999999,2664.5777900000003,162561.53876599995
2026-04-28 08:30:00,4346.359473,12293.229785,23640.087025,3084.020048,80208.81296
2026-04-28 08:45:00,5241.011192,4561.54107,8075.713798,3945.835806,79185.00718600003
2026-04-28 09:00:00,2661.053298,8038.957716999999,4490.188671,25955.237195000005,164826.599692
2026-04-28 09:15:00,4754.31732,11537.433393000001,2511.704902,2463.527756,255381.44232299997
2026-04-28 09:30:00,24931.451268,17509.106915,10610.157438,5468.164923,367539.5535200001
2026-04-28 09:45:00,11227.29947,28988.503842000002,17868.651014999996,7452.947172000001,303590.9069
2026-04-28 10:00:00,7297.863636,10148.184434,15769.624299,2943.011824,155167.02071799999
2026-04-28 10:15:00,8247.816413,8285.997184,5180.873911000001,6332.955976,225094.615306
2026-04-28 10:30:00,8861.747717999999,9091.694254000002,3905.2705800000003,413.0,123025.79627899997
2026-04-28 10:45:00,6124.332406,23208.019466999995,6043.571855,3529.1772370000003,190617.197808
2026-04-28 11:00:00,36568.525359,110195.320463,33633.181393,17445.477899999998,979489.4984379999
2026-04-28 11:15:00,69453.153887,76335.64598199999,52523.77916099999,21952.582270999996,2026115.819101
2026-04-28 11:30:00,47274.76738899999,47619.036106000014,48482.18536,19427.906560999993,1154268.2491969997
2026-04-28 11:45:00,29827.138204000003,64389.146663,33046.831338,22291.627195999998,1087366.262909
2026-04-28 12:00:00,44963.521167000006,62879.284542,33068.942256,13648.540114,1021700.0618160001
2026-04-28 12:15:00,62504.745388999996,46377.647147,21672.423795,25208.110147999996,770517.4463329999
2026-04-28 12:30:00,45240.546911,76019.04952399999,36323.04136799999,34984.95429499999,705674.169794
2026-04-28 12:45:00,65520.089783,67412.078893,36575.257628,23966.189746,1193872.406823
2026-04-28 13:00:00,232765.728416,78375.519763,22062.880094000004,38987.97744,818355.6731070002
2026-04-28 13:15:00,392425.82230799994,112805.336636,57441.04374200001,18835.007922999997,767275.1712120001
2026-04-28 13:30:00,3807087.171613,2000375.3413459999,1450998.730066,928183.4844520001,19571756.052720003
2026-04-28 13:45:00,1471289.035845,1740784.3436589998,987841.878801,537573.585003,9212503.395201001
2026-04-28 14:00:00,1042637.1595440002,933149.1555410001,824521.6153239999,456796.0212249999,8838260.989808999
2026-04-28 14:15:00,1577748.8335699998,1210112.5207510001,770944.3156669999,354498.707207,6525229.691749999
2026-04-28 14:30:00,1600695.6710420002,780543.324088,683597.7640640001,561254.702229,7935359.0466330005
2026-04-28 14:45:00,1373747.057316,987629.969379,863747.2925229999,476805.82824799995,9358813.649258
2026-04-28 15:00:00,1426150.734429,825430.456785,374144.635368,364910.863823,6651431.4116549995
2026-04-28 15:15:00,939778.5904769999,540151.3192990001,494922.7967410001,313177.40718599997,4912902.290491001
2026-04-28 15:30:00,1159659.2647819999,717136.1387420002,395016.994155,313412.419316,4559375.268158
2026-04-28 15:45:00,606390.71351,1285468.148348,375526.028189,300341.805464,3714939.411537
2026-04-28 16:00:00,504764.142869,1511716.3079660002,392906.56594799994,253304.80925599998,3760613.1972360006
2026-04-28 16:15:00,447747.1867079999,572787.343528,346279.34508500004,182361.089063,3831427.082304001
2026-04-28 16:30:00,487453.792423,559016.315092,350025.4188069999,142910.44019800003,3306722.5335720005
2026-04-28 16:45:00,482325.32140899997,554859.193967,243110.693336,152659.38578600003,3785227.137912
2026-04-28 17:00:00,504029.873412,552625.951584,349455.28292400006,131760.05278300002,2915084.1362179993
2026-04-28 17:15:00,381961.41300699994,520841.868209,385050.31648199994,117850.66100999998,2725058.7026660005
2026-04-28 17:30:00,360933.91037299996,577685.444614,306654.837549,162177.35649100004,3320509.403597
2026-04-28 17:45:00,499180.056246,461931.441447,261415.46729,155628.587914,2911576.775164
2026-04-28 18:00:00,1339980.722792,535283.9085889999,266127.35266699997,183880.20228199998,3429655.1629310003
2026-04-28 18:15:00,564218.688619,549407.966315,253155.88179400002,165631.951882,3916107.82687
2026-04-28 18:30:00,593455.249127,646070.483108,217092.05306800004,188324.479433,5027783.140419
2026-04-28 18:45:00,511867.338722,784124.618219,270065.03419599996,240837.79266199996,4206338.203091
2026-04-28 19:00:00,519909.43761599995,635179.5008700001,522472.29797899997,229148.15093400003,5403670.871582
2026-04-28 19:15:00,673843.438361,1540143.884822,310789.275715,343790.2720059999,5536145.7148629995
2026-04-28 19:30:00,750020.511915,1229477.8934449998,326875.16419100005,259723.59926000005,4109650.0575649994
2026-04-28 19:45:00,2365922.999891,1991925.648311,1319581.987948,624256.006624,8166142.033971
2026-04-28 20:00:00,5447253.774332001,190636.045024,636726.6252260001,136633.839496,2598021.2664450007
2026-04-28 20:15:00,242926.18329499997,43800.404265000005,5329.069520999999,8531.411703000002,152420.62723800002
2026-04-28 20:30:00,62888.244813,15046.525504,2739.104604,3842.2421489999997,143951.07056700005
2026-04-28 20:45:00,4396.457239000001,13435.560379000002,6978.719045999999,1925.501064,132859.681706
2026-04-28 21:00:00,590624.1694060001,18433.423204,7664.209863999999,231710.933936,113807.734566
2026-04-28 21:15:00,14329.550243,16115.916369999999,3708.598425,7783.461939000001,70353.443619
2026-04-28 21:30:00,10508.493202,7216.873822,1393.282988,1850.2750059999998,55930.171620999994
2026-04-28 21:45:00,7204.730105999999,7549.7881370000005,1151.296289,2260.733111,66369.057786
2026-04-28 22:00:00,9166.652376,11379.810156,4426.472743,4140.274012,109820.36560599999
2026-04-28 22:15:00,3149.023775,9256.196761000001,1478.464398,4013.849518,85933.47650100001
2026-04-28 22:30:00,3973.146972,12988.106803,8313.69613,3331.687218,48896.28790000001
2026-04-28 22:45:00,4961.006338,4371.295287,2132.0,2437.106001,33911.239642
2026-04-28 23:00:00,5466.144198,12244.432816999999,2870.029033,1133.503166,53885.919165
2026-04-28 23:15:00,5731.132573000001,5107.695780999999,1427.0,1475.507447,50083.229548999996
2026-04-28 23:30:00,4569.8971409999995,5719.580768000001,4403.138391,3047.735524,78079.438537
2026-04-28 23:45:00,4813.1350569999995,13678.648516,15370.551899,5566.4172260000005,92657.944492
